slug,name,lat,lon,doyenne_declared,doyenne_real_geo,doyenne_mismatch,pieve_declared,pieve_real_geo,pieve_mismatch,in_corse_bbox,axe_corpus,note
aiguilles_de_bavella,Aiguilles de Bavella,41.79982,9.21484,,doyenne_extreme_sud,FALSE,,pieve_verde,FALSE,TRUE,patrimoine_naturel_sacre,
albitretu,Albitretu alignement,41.708,8.911,doyenne_prunelli_taravo_valinco,doyenne_prunelli_taravo_valinco,FALSE,pieve_istria,pieve_istria,FALSE,TRUE,megalithes,
aleria_antique,Aléria antique,42.105,9.513,doyenne_plaine_orientale,doyenne_plaine_orientale,FALSE,pieve_aleria,pieve_aleria,FALSE,TRUE,patrimoine_bati_remarquable,
alignement_figari,Alignement de Figari,41.498,9.108,doyenne_extreme_sud,doyenne_extreme_sud,FALSE,pieve_freto,pieve_freto,FALSE,TRUE,megalithes,
alignement_montegrosso,Alignement de Montegrosso,42.608,8.869,doyenne_balagne,doyenne_balagne,FALSE,pieve_balagne,pieve_balagne,FALSE,TRUE,megalithes,
alo_bisuje,Alo Bisuje (casteddu),41.613,8.8987,doyenne_extreme_sud,doyenne_extreme_sud,FALSE,pieve_sartene,pieve_sartene,FALSE,TRUE,megalithes,
appazu,Appazu,41.546,8.876,doyenne_extreme_sud,doyenne_extreme_sud,FALSE,pieve_sartene,pieve_sartene,FALSE,TRUE,megalithes,
barcaggio,Barcaggio menhirs,42.973,9.415,doyenne_du_cap,doyenne_du_cap,FALSE,pieve_rogliano,pieve_rogliano,FALSE,TRUE,megalithes,
barrage_alesani,Barrage Alesani,42.29833,9.485,doyenne_plaine_orientale,doyenne_plaine_orientale,FALSE,,pieve_campoloro,FALSE,TRUE,patrimoine_industriel,
barrage_de_calacuccia,Barrage Calacuccia,42.32944,9.02222,doyenne_cortenais,doyenne_cortenais,FALSE,,pieve_niolu,FALSE,TRUE,patrimoine_industriel,
barrage_du_rizzanese,Barrage du Rizzanese,41.73472,9.11444,,doyenne_extreme_sud,FALSE,,pieve_carbini,FALSE,TRUE,patrimoine_industriel,
barrage_padula,Barrage Padula,42.62806,9.32278,,doyenne_du_cap,FALSE,,pieve_nebbiu,FALSE,TRUE,patrimoine_industriel,
basilique_d_orezza_ruines_piedicroce,Basilique d'Orezza (ruines) (Piedicroce),42.358,9.395,doyenne_du_golo,doyenne_du_golo,FALSE,pieve_orezza,pieve_orezza,FALSE,TRUE,edifices_romans,
bastia_citadelle,Bastia / Citadelle génoise,42.69366,9.45106,doyenne_du_cap,doyenne_du_cap,FALSE,pieve_bastia,pieve_bastia,FALSE,TRUE,patrimoine_bati_remarquable,
bizzicu_rossu,Bizzicu Rossu dolmen,41.6014,8.8795,doyenne_extreme_sud,doyenne_extreme_sud,FALSE,pieve_sartene,pieve_sartene,FALSE,TRUE,megalithes,
bocca_di_a_pila,Bocca di a Pila,41.54,8.93,doyenne_extreme_sud,doyenne_extreme_sud,FALSE,pieve_sartene,pieve_sartene,FALSE,TRUE,megalithes,
bonifacio_remparts,Bonifacio remparts,41.387,9.159,doyenne_extreme_sud,doyenne_extreme_sud,FALSE,pieve_bonifacio,pieve_bonifacio,FALSE,TRUE,patrimoine_bati_remarquable,
calanques_de_piana,Calanques de Piana,42.2525,8.65722,doyenne_piana_vico_sari,doyenne_piana_vico_sari,FALSE,,pieve_vico,FALSE,TRUE,patrimoine_naturel_sacre,
caldane_zevaco,Caldane (Zévaco),41.902,9.035,doyenne_prunelli_taravo_valinco,doyenne_prunelli_taravo_valinco,FALSE,pieve_verde,pieve_ornano,TRUE,TRUE,patrimoine_divers,
campanile_san_pancrazio_castellare_di_casinca,San Pancrazio de Castellare-di-Casinca,42.5128,9.4783,doyenne_du_golo,doyenne_du_golo,FALSE,pieve_casinca,pieve_casinca,FALSE,TRUE,edifices_romans,
cap_corse_extreme_nord,Capu Bianchi — extrême nord Cap Corse,43.005,9.395,,doyenne_du_cap,FALSE,,pieve_rogliano,FALSE,TRUE,patrimoine_naturel_sacre,
caporalino,Caporalino,42.392,9.225,doyenne_cortenais,doyenne_cortenais,FALSE,pieve_rostino,pieve_vallerustie,TRUE,TRUE,megalithes,
capu_di_logu,Capu di Logu,41.6212,8.8424,doyenne_extreme_sud,doyenne_extreme_sud,FALSE,pieve_bonifacio,pieve_sartene,TRUE,TRUE,megalithes,
capula_torre,Capula torre,41.735,9.1,,doyenne_extreme_sud,FALSE,,pieve_carbini,FALSE,TRUE,megalithes,
cardiccia,Cardiccia dolmen,41.5582,8.9412,doyenne_extreme_sud,doyenne_extreme_sud,FALSE,pieve_sartene,pieve_sartene,FALSE,TRUE,megalithes,
cargese_grec_latin,Les deux églises de Cargèse,42.1336,8.5947,doyenne_piana_vico_sari,doyenne_piana_vico_sari,FALSE,pieve_vico,pieve_vico,FALSE,TRUE,edifices_romans,
casa_di_l_orca,Casa di l'Orca dolmen,42.666,9.261,doyenne_du_golo,doyenne_du_golo,FALSE,pieve_nebbiu,pieve_nebbiu,FALSE,TRUE,megalithes,
casa_di_u_banditu,Casa di u Banditu,42.725,9.16,doyenne_du_cap,doyenne_du_golo,TRUE,pieve_nebbiu,pieve_nebbiu,FALSE,TRUE,megalithes,
castaldu,Statue-menhir de Castaldu,41.9309,9.1332,doyenne_prunelli_taravo_valinco,doyenne_prunelli_taravo_valinco,FALSE,pieve_verde,pieve_verde,FALSE,TRUE,megalithes,
casteddu_bastelica,Casteddu de Bastelica,42.03,8.81,doyenne_prunelli_taravo_valinco,doyenne_piana_vico_sari,TRUE,pieve_ornano,pieve_cinarca,TRUE,TRUE,megalithes,
casteddu_caleca,Casteddu di Caleca,41.655,8.965,doyenne_extreme_sud,doyenne_prunelli_taravo_valinco,TRUE,pieve_sartene,pieve_sartene,FALSE,TRUE,megalithes,
casteddu_lozari,Casteddu di Lozari,42.56,8.87,doyenne_balagne,doyenne_balagne,FALSE,pieve_balagne,pieve_balagne,FALSE,TRUE,megalithes,
castellacciu_san_colombano,Castellacciu San Colombano,42.967,9.425,,doyenne_du_cap,FALSE,,pieve_rogliano,FALSE,TRUE,chateaux_medievaux,
castello_d_istria,Castello d'Istria,41.595,9.015,,doyenne_extreme_sud,FALSE,,pieve_sartene,FALSE,TRUE,chateaux_medievaux,
castello_della_rocca,Castello della Rocca,41.86,9,doyenne_prunelli_taravo_valinco,doyenne_prunelli_taravo_valinco,FALSE,pieve_istria,pieve_ornano,TRUE,TRUE,chateaux_medievaux,
castello_di_baricci,Castello di Baricci,41.844,8.774,,doyenne_prunelli_taravo_valinco,FALSE,,pieve_ornano,FALSE,TRUE,chateaux_medievaux,
castellu_araghju,Castellu d'Araghju,41.575,9.245,doyenne_extreme_sud,doyenne_extreme_sud,FALSE,pieve_carbini,pieve_carbini,FALSE,TRUE,megalithes,
castellu_d_itali,Castellu d'Itali,41.547,8.952,,doyenne_extreme_sud,FALSE,,pieve_sartene,FALSE,TRUE,chateaux_medievaux,
castellu_di_bozzi_guitera,Castellu di Bozzi (Guitera),41.9139,9.08667,,doyenne_prunelli_taravo_valinco,FALSE,,,FALSE,TRUE,chateaux_medievaux,
castellu_di_u_grecu,Castellu di u Grecu,41.528,8.922,,doyenne_extreme_sud,FALSE,,pieve_sartene,FALSE,TRUE,chateaux_medievaux,
castelnovo_bicchisano,Castelnovo (Bicchisano),41.587,8.981,doyenne_plaine_orientale,doyenne_extreme_sud,TRUE,pieve_verde,pieve_sartene,TRUE,TRUE,chateaux_medievaux,
castidetta,Castidetta menhirs,41.95,9.31,doyenne_prunelli_taravo_valinco,doyenne_plaine_orientale,TRUE,pieve_verde,pieve_verde,FALSE,TRUE,megalithes,
cathedrale_du_nebbio,Cathédrale Sainte-Marie du Nebbio,42.6814,9.3025,doyenne_du_cap,doyenne_du_cap,FALSE,pieve_nebbiu,pieve_nebbiu,FALSE,TRUE,edifices_romans,
cathedrale_saint_jean_baptiste_de_calvi,Cathédrale Saint-Jean-Baptiste de Calvi,42.5658,8.7569,doyenne_balagne,doyenne_balagne,FALSE,pieve_balagne,pieve_balagne,FALSE,TRUE,edifices_romans,
cauria_i_stantari,I Stantari / Cauria,41.5304,8.9218,doyenne_extreme_sud,doyenne_extreme_sud,FALSE,pieve_sartene,pieve_sartene,FALSE,TRUE,megalithes,
cauria_renaghju,Renaghju,41.5266,8.9212,doyenne_extreme_sud,doyenne_extreme_sud,FALSE,pieve_sartene,pieve_sartene,FALSE,TRUE,megalithes,
ceccia_torre,Ceccia torre,41.5626,9.2447,doyenne_extreme_sud,doyenne_extreme_sud,FALSE,pieve_carbini,pieve_carbini,FALSE,TRUE,megalithes,
citadelle_de_calvi,Citadelle de Calvi,42.56838,8.76071,doyenne_balagne,doyenne_balagne,FALSE,pieve_balagne,pieve_balagne,FALSE,TRUE,patrimoine_bati_remarquable,
citadelle_de_corte,Citadelle de Corte / Casteddu di Corti,42.305,9.149,doyenne_cortenais,doyenne_cortenais,FALSE,pieve_talcini,pieve_talcini,FALSE,TRUE,patrimoine_bati_remarquable,
ciutulaghja,Ciutulaghja,41.721,9.113,doyenne_extreme_sud,doyenne_extreme_sud,FALSE,pieve_carbini,pieve_carbini,FALSE,TRUE,megalithes,
couvent_d_orezza,Couvent d'Orezza,42.3275,9.3611,doyenne_du_golo,doyenne_plaine_orientale,TRUE,pieve_orezza,pieve_alesani,TRUE,TRUE,edifices_romans,
couvent_saint_francois_de_pino,Couvent Saint-François de Pino,42.9447,9.3403,doyenne_du_cap,,FALSE,pieve_luri,,FALSE,TRUE,edifices_romans,doyenne_geo_NONE; pieve_geo_NONE
couvent_sant_antoni_de_calvi,Couvent Sant'Antoni de Calvi,42.5644,8.7572,doyenne_balagne,,FALSE,pieve_balagne,,FALSE,TRUE,edifices_romans,doyenne_geo_NONE; pieve_geo_NONE
cucuruzzu_capula,Cucuruzzu / Capula,41.7172,9.1287,doyenne_extreme_sud,doyenne_extreme_sud,FALSE,pieve_carbini,pieve_carbini,FALSE,TRUE,megalithes,
defile_de_lancone,Défilé de Lancône,42.595,9.395,,doyenne_du_golo,FALSE,,pieve_nebbiu,FALSE,TRUE,patrimoine_bati_remarquable,
desert_des_agriate,Désert des Agriate,42.68,9.1,,doyenne_du_golo,FALSE,,pieve_nebbiu,FALSE,TRUE,patrimoine_naturel_sacre,
diocese_d_ajaccio,Diocèse d'Ajaccio,41.9192,8.7383,,doyenne_ajaccio,FALSE,,pieve_ajaccio,FALSE,TRUE,diocese_medieval,
diocese_d_aleria,Diocèse d'Aleria,42.1142,9.5097,,doyenne_plaine_orientale,FALSE,,pieve_aleria,FALSE,TRUE,diocese_medieval,
diocese_de_mariana,Diocèse de Mariana,42.5267,9.4669,,doyenne_du_golo,FALSE,,pieve_casinca,FALSE,TRUE,diocese_medieval,
diocese_de_sagone,Diocèse de Sagone,42.1219,8.6892,,doyenne_piana_vico_sari,FALSE,,pieve_vico,FALSE,TRUE,diocese_medieval,
diocese_du_nebbio,Diocèse du Nebbio,42.6814,9.3025,,doyenne_du_cap,FALSE,,pieve_nebbiu,FALSE,TRUE,diocese_medieval,
dolmen_fontanaccia,Dolmen Fontanaccia,41.5296,8.9183,doyenne_extreme_sud,doyenne_extreme_sud,FALSE,pieve_sartene,pieve_sartene,FALSE,TRUE,megalithes,
dolmen_serra,Dolmen de la Serra,42.669,9.2649,doyenne_du_golo,doyenne_du_golo,FALSE,pieve_nebbiu,pieve_nebbiu,FALSE,TRUE,megalithes,
filitosa,Filitosa,41.7478,8.8713,doyenne_prunelli_taravo_valinco,doyenne_prunelli_taravo_valinco,FALSE,pieve_istria,pieve_istria,FALSE,TRUE,megalithes,
guagno_les_bains,Guagno-les-Bains,42.157,8.894,doyenne_piana_vico_sari,doyenne_piana_vico_sari,FALSE,pieve_sorroinsu,pieve_sorroinsu,FALSE,TRUE,patrimoine_divers,
la_canonica,La Canonica,42.5267,9.4669,doyenne_du_golo,doyenne_du_golo,FALSE,pieve_mariana,pieve_casinca,TRUE,TRUE,edifices_romans,
la_canonica_santa_maria_assunta_lucciana_mariana,La Canonica (Santa Maria Assunta) (Lucciana/Mariana),42.465,9.452,doyenne_du_golo,doyenne_du_golo,FALSE,pieve_mariana,pieve_casinca,TRUE,TRUE,edifices_romans,
la_trinita_de_prunelli_di_fiumorbo,La Trinità de Prunelli-di-Fiumorbo,42.0011,9.3597,doyenne_plaine_orientale,doyenne_plaine_orientale,FALSE,pieve_fiumorbo,pieve_fiumorbo,FALSE,TRUE,edifices_romans,
la_trinite_d_aregno,La Trinité d'Aregno,42.6058,8.8597,doyenne_balagne,doyenne_balagne,FALSE,pieve_balagne,pieve_balagne,FALSE,TRUE,edifices_romans,
lac_de_creno,Lac de Creno,42.20512,8.94635,doyenne_piana_vico_sari,doyenne_piana_vico_sari,FALSE,,pieve_sorroinsu,FALSE,TRUE,patrimoine_naturel_sacre,
lac_de_nino,Lac de Nino,42.25556,8.94028,doyenne_cortenais,doyenne_cortenais,FALSE,,pieve_talcini,FALSE,TRUE,patrimoine_naturel_sacre,
lac_thermal_de_tora,Lac thermal de Tora,41.781,9.069,,doyenne_extreme_sud,FALSE,,pieve_tallano,FALSE,TRUE,patrimoine_divers,
lion_de_roccapina,Lion de Roccapina,41.498,8.93,doyenne_extreme_sud,doyenne_extreme_sud,FALSE,pieve_sartene,pieve_sartene,FALSE,TRUE,megalithes,
mamucci,Mamucci menhirs,42.66,9.2,doyenne_du_golo,doyenne_du_golo,FALSE,pieve_casacconi,pieve_nebbiu,TRUE,TRUE,megalithes,
manzavinu,Manzavinu alignement,41.58,8.91,doyenne_extreme_sud,doyenne_extreme_sud,FALSE,pieve_sartene,pieve_sartene,FALSE,TRUE,megalithes,
menhir_calenzana,Menhir de Calenzana,42.507,8.855,doyenne_balagne,doyenne_balagne,FALSE,pieve_balagne,pieve_balagne,FALSE,TRUE,megalithes,
menhir_casaglione,Menhir de Casaglione,42.16,8.72,doyenne_piana_vico_sari,doyenne_piana_vico_sari,FALSE,pieve_cinarca,pieve_vico,TRUE,TRUE,megalithes,
menhir_nonza,Menhir de Nonza,42.777,9.345,doyenne_du_cap,doyenne_du_cap,FALSE,pieve_nonza,pieve_nonza,FALSE,TRUE,megalithes,
menhir_sermano,Menhir de Sermano,42.31,9.249,doyenne_cortenais,doyenne_cortenais,FALSE,pieve_rogna,,FALSE,TRUE,megalithes,pieve_geo_NONE
menhirs_agriate,Menhirs d'Agriate,42.66,9.15,doyenne_du_cap,doyenne_du_golo,TRUE,pieve_nebbiu,pieve_nebbiu,FALSE,TRUE,megalithes,
min_argentella,Argentella — galène argentifère (non uranifère) + mémoire nucléaire 1960,42.354,8.882,doyenne_balagne,doyenne_balagne,FALSE,pieve_balagne,pieve_filosorma,TRUE,TRUE,patrimoine_divers,
min_canari,Carrière-usine d'amiante de Canari — démolition 2025-2026,42.822,9.325,doyenne_du_cap,doyenne_du_cap,FALSE,pieve_canari,pieve_canari,FALSE,TRUE,patrimoine_divers,
min_ersa,Mine d'antimoine d'Ersa,42.99,9.395,doyenne_du_cap,doyenne_du_cap,FALSE,pieve_rogliano,pieve_rogliano,FALSE,TRUE,patrimoine_divers,
min_luri,Mine d'antimoine de Luri,42.88,9.392,doyenne_du_cap,doyenne_du_cap,FALSE,pieve_luri,pieve_luri,FALSE,TRUE,patrimoine_divers,
min_meria,Mines d'antimoine de Meria — plus grand gisement Cap Corse,42.965,9.43,doyenne_du_cap,doyenne_du_cap,FALSE,pieve_luri,pieve_rogliano,TRUE,TRUE,patrimoine_divers,
min_morsiglia,Mine de cuivre de Morsiglia,43.0,9.41,doyenne_du_cap,doyenne_du_cap,FALSE,pieve_pino,pieve_rogliano,TRUE,TRUE,patrimoine_divers,
mine_d_amiante_de_canari,Mine d'amiante de Canari,42.82,9.33,doyenne_du_cap,doyenne_du_cap,FALSE,pieve_canari,pieve_canari,FALSE,TRUE,patrimoine_divers,
mine_de_magnetite_de_farinole,Mine de magnétite de Farinole,42.73,9.332,doyenne_du_cap,,FALSE,pieve_nebbiu,,FALSE,TRUE,patrimoine_divers,doyenne_geo_NONE; pieve_geo_NONE
mine_de_matra_bravona,Mine de Matra (Bravona),42.417,9.29,doyenne_plaine_orientale,doyenne_cortenais,TRUE,pieve_bozio,pieve_rostino,TRUE,TRUE,patrimoine_divers,
monte_cinto,Monte Cinto,42.37972,8.94583,doyenne_du_golo,doyenne_cortenais,TRUE,,pieve_caccia,FALSE,TRUE,patrimoine_naturel_sacre,
monte_genova,Monte Genova mégalithes,42.64,9.1,doyenne_du_golo,doyenne_balagne,TRUE,pieve_casacconi,pieve_nebbiu,TRUE,TRUE,megalithes,
monte_revincu,Monte-Revincu,42.6704,9.2585,doyenne_du_golo,doyenne_du_golo,FALSE,pieve_nebbiu,pieve_nebbiu,FALSE,TRUE,megalithes,
monte_san_petrone,Monte San Petrone,42.39625,9.32681,doyenne_du_golo,doyenne_du_golo,FALSE,,pieve_orezza,FALSE,TRUE,patrimoine_naturel_sacre,
monte_stello,Monte Stello,42.78855,9.41853,doyenne_du_cap,doyenne_du_cap,FALSE,,pieve_brando,FALSE,TRUE,patrimoine_naturel_sacre,
notre_dame_de_l_assomption_cathedrale_d_ajaccio_ajaccio,Notre-Dame de l'Assomption (Cathédrale d'Ajaccio),41.919,8.736,doyenne_ajaccio,doyenne_ajaccio,FALSE,pieve_ajaccio,pieve_ajaccio,FALSE,TRUE,edifices_romans,
oratoire_santa_croce_bastia_haute_bastia_citadelle,Oratoire Santa Croce (Bastia haute) (Bastia citadelle),42.66,9.192,doyenne_du_cap,doyenne_du_golo,TRUE,pieve_bastia,pieve_nebbiu,TRUE,TRUE,edifices_romans,
pacciunituli,Pacciunituli,41.724,9.168,doyenne_extreme_sud,doyenne_extreme_sud,FALSE,pieve_carbini,pieve_carbini,FALSE,TRUE,megalithes,
palaggiu,Palaggiu / Paddaghju,41.5569,8.8869,doyenne_extreme_sud,doyenne_extreme_sud,FALSE,pieve_sartene,pieve_sartene,FALSE,TRUE,megalithes,
pastini,Pastini cercle de pierres,41.5527,8.9347,doyenne_extreme_sud,doyenne_extreme_sud,FALSE,pieve_sartene,pieve_sartene,FALSE,TRUE,megalithes,
petra_pinzuta,Petra Pinzuta,41.622,8.988,doyenne_extreme_sud,doyenne_extreme_sud,FALSE,pieve_sartene,pieve_sartene,FALSE,TRUE,megalithes,
pietrapola_station_thermale,Pietrapola (station thermale),42.057,9.388,,doyenne_plaine_orientale,FALSE,,pieve_aleria,FALSE,TRUE,patrimoine_divers,
pieve_statues_menhirs,Piève statues-menhirs,42.582,9.289,doyenne_du_golo,doyenne_du_golo,FALSE,pieve_nebbiu,pieve_nebbiu,FALSE,TRUE,megalithes,
pinzu_a_vergine,Pinzu a Vergine,42.88,9.378,doyenne_du_cap,doyenne_du_cap,FALSE,pieve_canari,pieve_canari,FALSE,TRUE,megalithes,
poggio_di_nazza,Poggio-di-Nazza,42.01,9.2,doyenne_plaine_orientale,doyenne_prunelli_taravo_valinco,TRUE,pieve_fiumorbo,pieve_verde,TRUE,TRUE,megalithes,
poggio_di_venaco,Poggio-di-Venaco mégalithes,42.235,9.152,doyenne_cortenais,doyenne_cortenais,FALSE,pieve_venaco,pieve_venaco,FALSE,TRUE,megalithes,
pont_d_altiani,Pont d'Altiani,42.279,9.189,doyenne_cortenais,doyenne_cortenais,FALSE,pieve_rogna,pieve_talcini,TRUE,TRUE,patrimoine_divers,
pont_de_pianella_ota,Pont de Pianella (Ota),42.268,8.744,doyenne_piana_vico_sari,doyenne_piana_vico_sari,FALSE,pieve_vico,pieve_vico,FALSE,TRUE,patrimoine_divers,
pont_de_ponte_novu,Pont de Ponte Novu,42.485,9.28,,doyenne_cortenais,FALSE,,pieve_rostino,FALSE,TRUE,patrimoine_divers,
pont_de_zippitoli_disparu_2023,Pont de Zippitoli (disparu 2023),41.929,8.994,,doyenne_prunelli_taravo_valinco,FALSE,,pieve_ornano,FALSE,TRUE,patrimoine_divers,
punta_campana,Punta Campana,41.62,9.01,doyenne_extreme_sud,doyenne_extreme_sud,FALSE,pieve_carbini,pieve_sartene,TRUE,TRUE,megalithes,
reserve_de_scandola,Réserve de Scandola,42.36072,8.56127,doyenne_piana_vico_sari,doyenne_piana_vico_sari,FALSE,,pieve_vico,FALSE,TRUE,patrimoine_naturel_sacre,
rizzanese_frati_sora,Menhirs du Rizzanese,41.6468,8.9478,doyenne_extreme_sud,doyenne_extreme_sud,FALSE,pieve_sartene,pieve_sartene,FALSE,TRUE,megalithes,
saint_pancrace_de_vico,Couvent Saint-Pancrace de Vico,42.1672,8.7997,doyenne_piana_vico_sari,doyenne_piana_vico_sari,FALSE,pieve_vico,pieve_vico,FALSE,TRUE,edifices_romans,
sainte_lucie_de_sainte_lucie_de_tallano,Sainte-Lucie de Sainte-Lucie-de-Tallano,41.6844,9.0644,doyenne_extreme_sud,doyenne_extreme_sud,FALSE,pieve_tallano,pieve_tallano,FALSE,TRUE,edifices_romans,
sainte_marie_majeure_bonifacio,Sainte Marie Majeure Bonifacio,41.3878,9.1583,doyenne_extreme_sud,doyenne_extreme_sud,FALSE,pieve_bonifacio,pieve_bonifacio,FALSE,TRUE,patrimoine_divers,
san_andrea_piedicroce,San Andrea (Piedicroce),42.335,9.42,doyenne_du_golo,doyenne_plaine_orientale,TRUE,pieve_orezza,pieve_alesani,TRUE,TRUE,edifices_romans,
san_bartolomeo_serra_di_ferro,San Bartolomeo (Serra-di-Ferro),41.845,8.91,doyenne_prunelli_taravo_valinco,doyenne_prunelli_taravo_valinco,FALSE,pieve_istria,pieve_ornano,TRUE,TRUE,edifices_romans,
san_cervone_ancien_eveche_d_aleria_stazzona_piedicorte,San Cervone (ancien évêché d'Aléria) (Stazzona-Piedicorte),42.352,9.382,doyenne_du_golo,doyenne_du_golo,FALSE,pieve_orezza,pieve_orezza,FALSE,TRUE,edifices_romans,
san_cervone_cateri_haute,San Cervone (Cateri haute),42.545,8.97,doyenne_balagne,doyenne_balagne,FALSE,pieve_balagne,pieve_balagne,FALSE,TRUE,edifices_romans,
san_cervone_costa_ostriconi,San Cervone (Costa (Ostriconi)),42.572,9.018,doyenne_balagne,doyenne_balagne,FALSE,pieve_balagne,pieve_balagne,FALSE,TRUE,edifices_romans,
san_cervone_de_santa_lucia_di_mercurio,San Cervone de Santa-Lucia-di-Mercurio,42.3392,9.2783,doyenne_cortenais,doyenne_cortenais,FALSE,pieve_talcini,pieve_vallerustie,TRUE,TRUE,edifices_romans,
san_cervone_santa_reparata_santa_reparata_di_balagna,San Cervone / Santa Reparata (Santa-Reparata-di-Balagna),42.618,8.892,doyenne_balagne,doyenne_balagne,FALSE,pieve_balagne,pieve_balagne,FALSE,TRUE,edifices_romans,
san_cervone_stazzona,San Cervone Stazzona,42.3933,9.3683,doyenne_cortenais,doyenne_du_golo,TRUE,pieve_rogna,pieve_orezza,TRUE,TRUE,patrimoine_divers,
san_cervone_valle_d_alesani,San Cervone (Valle-d'Alesani),42.25,9.34,doyenne_plaine_orientale,doyenne_cortenais,TRUE,pieve_alesani,pieve_rogna,TRUE,TRUE,edifices_romans,
san_cesario_casalta,San Cesario (Casalta),42.355,9.41,doyenne_du_golo,doyenne_plaine_orientale,TRUE,pieve_ampugnani,pieve_alesani,TRUE,TRUE,edifices_romans,
san_cesario_d_olmeta_olmeta_di_capocorso,San Cesario d'Olmeta (Olmeta-di-Capocorso),42.65,9.19,doyenne_du_cap,doyenne_du_golo,TRUE,pieve_nonza,pieve_nebbiu,TRUE,TRUE,edifices_romans,
san_cesario_quercitello_piedicroce,San Cesario (Quercitello (Piedicroce)),42.35,9.322,doyenne_du_golo,doyenne_cortenais,TRUE,pieve_ampugnani,pieve_vallerustie,TRUE,TRUE,edifices_romans,
san_cipriano_sagone_basse,San Cipriano (Sagone basse),42.11,8.675,,doyenne_piana_vico_sari,FALSE,,pieve_vico,FALSE,TRUE,edifices_romans,
san_colombano_de_barrettali,San Colombano de Barrettali,42.8431,9.3622,doyenne_du_cap,doyenne_du_cap,FALSE,pieve_canari,pieve_canari,FALSE,TRUE,edifices_romans,
san_colombano_monacia_d_aullene_route,San Colombano (Monacia-d'Aullène route),41.57,8.968,doyenne_extreme_sud,doyenne_extreme_sud,FALSE,pieve_freto,pieve_sartene,TRUE,TRUE,edifices_romans,
san_colombano_rogliano,San Colombano (Rogliano),42.957,9.418,doyenne_du_cap,doyenne_du_cap,FALSE,pieve_rogliano,pieve_rogliano,FALSE,TRUE,edifices_romans,
san_dominique_bonifacio_bonifacio,San Dominique (Bonifacio),41.388,9.155,doyenne_extreme_sud,doyenne_extreme_sud,FALSE,pieve_bonifacio,pieve_bonifacio,FALSE,TRUE,edifices_romans,
san_dominique_bonifacio_remparts,San Dominique (Bonifacio remparts),41.405,9.175,doyenne_extreme_sud,doyenne_extreme_sud,FALSE,pieve_bonifacio,pieve_bonifacio,FALSE,TRUE,edifices_romans,
san_francescu_feliceto,San Francescu (Feliceto),42.565,8.87,doyenne_balagne,doyenne_balagne,FALSE,pieve_balagne,pieve_balagne,FALSE,TRUE,edifices_romans,
san_gavino_oletta,San Gavino (Oletta),42.595,9.25,doyenne_du_cap,doyenne_du_golo,TRUE,pieve_nebbiu,pieve_nebbiu,FALSE,TRUE,edifices_romans,
san_gavino_san_gavino_di_tenda,San Gavino (San-Gavino-di-Tenda),42.611,9.198,doyenne_du_golo,doyenne_du_golo,FALSE,pieve_nebbiu,pieve_nebbiu,FALSE,TRUE,edifices_romans,
san_giovanni_aleria_plaine,San Giovanni (Aléria plaine),42.105,9.51,doyenne_plaine_orientale,doyenne_plaine_orientale,FALSE,pieve_aleria,pieve_aleria,FALSE,TRUE,edifices_romans,
san_giovanni_antisanti,San Giovanni (Antisanti),42.16,9.34,doyenne_plaine_orientale,doyenne_plaine_orientale,FALSE,pieve_rogna,pieve_rogna,FALSE,TRUE,edifices_romans,
san_giovanni_appietto,San Giovanni (Appietto),42.0,8.78,doyenne_ajaccio,doyenne_ajaccio,FALSE,pieve_ajaccio,pieve_mezzana,TRUE,TRUE,edifices_romans,
san_giovanni_asco_village,San Giovanni (Asco village),42.52,8.95,doyenne_cortenais,doyenne_balagne,TRUE,pieve_caccia,pieve_balagne,TRUE,TRUE,edifices_romans,
san_giovanni_azzana,San Giovanni (Azzana),42.12,8.96,doyenne_piana_vico_sari,doyenne_piana_vico_sari,FALSE,pieve_cruzini,pieve_cruzini,FALSE,TRUE,edifices_romans,
san_giovanni_bastelica,San Giovanni (Bastelica),42.06,8.93,doyenne_prunelli_taravo_valinco,doyenne_ajaccio,TRUE,pieve_ornano,pieve_celavo,TRUE,TRUE,edifices_romans,
san_giovanni_bastelicaccia,San Giovanni (Bastelicaccia),41.88,8.81,doyenne_prunelli_taravo_valinco,doyenne_prunelli_taravo_valinco,FALSE,pieve_ajaccio,pieve_ornano,TRUE,TRUE,edifices_romans,
san_giovanni_bastia_basse_ville,San Giovanni (Bastia basse ville),42.695,9.445,doyenne_du_cap,doyenne_du_cap,FALSE,pieve_bastia,pieve_bastia,FALSE,TRUE,edifices_romans,
san_giovanni_bastia_terra_vecchia,San Giovanni (Bastia (Terra Vecchia)),42.55,9.45,doyenne_du_cap,doyenne_du_golo,TRUE,pieve_bastia,pieve_mariana,TRUE,TRUE,edifices_romans,
san_giovanni_bastia_ville,San Giovanni (Bastia-Ville),42.705,9.448,doyenne_du_cap,doyenne_du_cap,FALSE,pieve_bastia,pieve_bastia,FALSE,TRUE,edifices_romans,
san_giovanni_battista_azilone_ampaza,San Giovanni Battista (Azilone-Ampaza),42.045,8.91,doyenne_prunelli_taravo_valinco,doyenne_ajaccio,TRUE,pieve_cruzini,pieve_celavo,TRUE,TRUE,edifices_romans,
san_giovanni_battista_bonifacio,San Giovanni Battista (Bonifacio),41.393,9.146,doyenne_extreme_sud,doyenne_extreme_sud,FALSE,pieve_bonifacio,pieve_bonifacio,FALSE,TRUE,edifices_romans,
san_giovanni_battista_carbini,San Giovanni Battista Carbini,41.6419,9.2406,doyenne_extreme_sud,doyenne_extreme_sud,FALSE,pieve_carbini,pieve_carbini,FALSE,TRUE,patrimoine_divers,
san_giovanni_battista_de_corte,San Giovanni Battista de Corte,42.3061,9.1497,doyenne_cortenais,doyenne_cortenais,FALSE,pieve_talcini,pieve_talcini,FALSE,TRUE,edifices_romans,
san_giovanni_battista_vieille_ville_sartene,San Giovanni Battista (vieille ville) (Sartène),41.619,8.976,doyenne_extreme_sud,doyenne_extreme_sud,FALSE,pieve_sartene,pieve_sartene,FALSE,TRUE,edifices_romans,
san_giovanni_carcheto_brustico,San Giovanni (Carcheto-Brustico),42.34,9.38,doyenne_du_golo,doyenne_plaine_orientale,TRUE,pieve_orezza,pieve_alesani,TRUE,TRUE,edifices_romans,
san_giovanni_castifao,San Giovanni (Castifao),42.54,9.08,doyenne_cortenais,doyenne_cortenais,FALSE,pieve_caccia,pieve_caccia,FALSE,TRUE,edifices_romans,
san_giovanni_cozzano_bas,San Giovanni (Cozzano bas),41.862,9.088,doyenne_prunelli_taravo_valinco,doyenne_prunelli_taravo_valinco,FALSE,pieve_verde,pieve_istria,TRUE,TRUE,edifices_romans,
san_giovanni_de_bonifacio,San Giovanni de Bonifacio,41.3892,9.1611,doyenne_extreme_sud,doyenne_extreme_sud,FALSE,pieve_bonifacio,pieve_bonifacio,FALSE,TRUE,edifices_romans,
san_giovanni_de_coggia,San Giovanni de Coggia,42.1764,8.7339,doyenne_piana_vico_sari,doyenne_piana_vico_sari,FALSE,pieve_cinarca,pieve_vico,TRUE,TRUE,edifices_romans,
san_giovanni_de_pianottoli_caldarello,San Giovanni de Pianottoli-Caldarello,41.4839,9.0628,doyenne_extreme_sud,doyenne_extreme_sud,FALSE,pieve_freto,pieve_freto,FALSE,TRUE,edifices_romans,
san_giovanni_de_pino,San Giovanni de Pino,42.9489,9.3358,doyenne_du_cap,,FALSE,pieve_luri,,FALSE,TRUE,edifices_romans,doyenne_geo_NONE; pieve_geo_NONE
san_giovanni_de_san_giovanni_di_moriani,San Giovanni de San-Giovanni-di-Moriani,42.4042,9.4378,doyenne_plaine_orientale,doyenne_du_golo,TRUE,pieve_moriani,pieve_ampugnani,TRUE,TRUE,edifices_romans,
san_giovanni_de_santa_maria_siche,San Giovanni de Santa-Maria-Siché,41.8736,9.0286,doyenne_prunelli_taravo_valinco,doyenne_prunelli_taravo_valinco,FALSE,pieve_ornano,,FALSE,TRUE,edifices_romans,pieve_geo_NONE
san_giovanni_figari_nord,San Giovanni (Figari nord),41.525,9.152,doyenne_extreme_sud,doyenne_extreme_sud,FALSE,pieve_freto,pieve_freto,FALSE,TRUE,edifices_romans,
san_giovanni_ghisonaccia,San Giovanni (Ghisonaccia),42.02,9.43,doyenne_plaine_orientale,doyenne_plaine_orientale,FALSE,pieve_aleria,pieve_aleria,FALSE,TRUE,edifices_romans,
san_giovanni_moriani_san_nicolao,San Giovanni (Moriani (San-Nicolao)),42.38,9.51,doyenne_plaine_orientale,doyenne_plaine_orientale,FALSE,pieve_moriani,pieve_moriani,FALSE,TRUE,edifices_romans,
san_giovanni_morosaglia_merusaglia,San Giovanni (Morosaglia-Merusaglia),42.32,9.35,doyenne_cortenais,doyenne_plaine_orientale,TRUE,pieve_rostino,pieve_bozio,TRUE,TRUE,edifices_romans,
san_giovanni_nocario,San Giovanni (Nocario),42.31,9.34,doyenne_du_golo,doyenne_plaine_orientale,TRUE,pieve_orezza,pieve_bozio,TRUE,TRUE,edifices_romans,
san_giovanni_novale,San Giovanni (Novale),42.27,9.41,doyenne_plaine_orientale,doyenne_plaine_orientale,FALSE,pieve_alesani,pieve_bozio,TRUE,TRUE,edifices_romans,
san_giovanni_novella,San Giovanni (Novella),42.565,9.135,doyenne_balagne,doyenne_balagne,FALSE,pieve_caccia,pieve_caccia,FALSE,TRUE,edifices_romans,
san_giovanni_partinello,San Giovanni (Partinello),42.2,8.665,doyenne_piana_vico_sari,doyenne_piana_vico_sari,FALSE,pieve_vico,pieve_vico,FALSE,TRUE,edifices_romans,
san_giovanni_poggio_di_venaco,San Giovanni (Poggio-di-Venaco),42.27,9.13,doyenne_cortenais,doyenne_cortenais,FALSE,pieve_venaco,pieve_talcini,TRUE,TRUE,edifices_romans,
san_giovanni_popolasca,San Giovanni (Popolasca),42.47,9.05,doyenne_cortenais,doyenne_cortenais,FALSE,pieve_caccia,pieve_caccia,FALSE,TRUE,edifices_romans,
san_giovanni_porto_vecchio_haute_ville,San Giovanni (Porto-Vecchio (haute ville)),41.592,9.28,doyenne_extreme_sud,doyenne_extreme_sud,FALSE,pieve_carbini,pieve_carbini,FALSE,TRUE,edifices_romans,
san_giovanni_prunelli_di_fiumorbo,San Giovanni (Prunelli-di-Fiumorbo),42.05,9.4,doyenne_plaine_orientale,doyenne_plaine_orientale,FALSE,pieve_fiumorbo,pieve_aleria,TRUE,TRUE,edifices_romans,
san_giovanni_rapale,San Giovanni (Rapale),42.58,9.22,doyenne_du_golo,doyenne_du_golo,FALSE,pieve_nebbiu,pieve_nebbiu,FALSE,TRUE,edifices_romans,
san_giovanni_san_nicolao_interieur,San Giovanni (San-Nicolao intérieur),42.33,9.46,doyenne_plaine_orientale,doyenne_plaine_orientale,FALSE,pieve_moriani,pieve_campoloro,TRUE,TRUE,edifices_romans,
san_giovanni_serra_di_scopamene_haute,San Giovanni (Serra-di-Scopamène haute),41.728,9.19,doyenne_extreme_sud,doyenne_extreme_sud,FALSE,pieve_verde,pieve_verde,FALSE,TRUE,edifices_romans,
san_giovanni_serrabone,San Giovanni (Serrabone),42.432,9.332,,doyenne_du_golo,FALSE,,pieve_ampugnani,FALSE,TRUE,edifices_romans,
san_giovanni_solaro,San Giovanni (Solaro),41.87,9.35,doyenne_plaine_orientale,doyenne_plaine_orientale,FALSE,pieve_verde,pieve_verde,FALSE,TRUE,edifices_romans,
san_giovanni_sollacaro,San Giovanni (Sollacaro),41.77,8.87,doyenne_prunelli_taravo_valinco,doyenne_prunelli_taravo_valinco,FALSE,pieve_istria,pieve_ornano,TRUE,TRUE,edifices_romans,
san_giovanni_sotta,San Giovanni (Sotta),41.56,9.22,doyenne_extreme_sud,doyenne_extreme_sud,FALSE,pieve_freto,pieve_freto,FALSE,TRUE,edifices_romans,
san_giovanni_tallone,San Giovanni (Tallone),42.31,9.52,doyenne_plaine_orientale,doyenne_plaine_orientale,FALSE,pieve_rogna,pieve_campoloro,TRUE,TRUE,edifices_romans,
san_giovanni_tomino,San Giovanni (Tomino),42.935,9.41,doyenne_du_cap,doyenne_du_cap,FALSE,pieve_rogliano,pieve_luri,TRUE,TRUE,edifices_romans,
san_giovanni_vizzavona_bas,San Giovanni (Vizzavona bas),42.268,9.065,,doyenne_cortenais,FALSE,,pieve_talcini,FALSE,TRUE,edifices_romans,
san_giovanni_vizzavona_village,San Giovanni (Vizzavona village),42.25,9.05,,doyenne_cortenais,FALSE,,pieve_talcini,FALSE,TRUE,edifices_romans,
san_giovanni_zeloso,San Giovanni (Zeloso),42.248,9.385,,doyenne_plaine_orientale,FALSE,,pieve_bozio,FALSE,TRUE,edifices_romans,
san_giuliano_cuttoli_haute,San Giuliano (Cuttoli haute),42.032,8.802,,doyenne_piana_vico_sari,FALSE,,pieve_cinarca,FALSE,TRUE,edifices_romans,
san_giuseppu_arbellara_haute,San Giuseppu (Arbellara haute),41.815,8.855,doyenne_prunelli_taravo_valinco,doyenne_prunelli_taravo_valinco,FALSE,pieve_sartene,pieve_ornano,TRUE,TRUE,edifices_romans,
san_lorenzo_de_ponte_leccia,San Lorenzo de Ponte-Leccia,42.4661,9.1953,doyenne_extreme_sud,doyenne_cortenais,TRUE,pieve_carbini,pieve_rostino,TRUE,TRUE,edifices_romans,
san_marcellu_vivario,San Marcellu (Vivario),42.285,9.083,doyenne_cortenais,doyenne_cortenais,FALSE,pieve_vivario,pieve_talcini,TRUE,TRUE,edifices_romans,
san_martino_altagene,San Martino (Altagène),41.686,9.062,doyenne_extreme_sud,doyenne_extreme_sud,FALSE,pieve_tallano,pieve_tallano,FALSE,TRUE,edifices_romans,
san_martino_cargese,San Martino (Cargèse),42.15,8.65,doyenne_piana_vico_sari,doyenne_piana_vico_sari,FALSE,pieve_vico,pieve_vico,FALSE,TRUE,edifices_romans,
san_martino_de_patrimonio,San Martino de Patrimonio,42.6925,9.3475,doyenne_du_cap,doyenne_du_cap,FALSE,pieve_nebbiu,pieve_nebbiu,FALSE,TRUE,edifices_romans,
san_martino_de_sari_d_orcino,San Martino de Sari-d'Orcino,42.0306,8.7917,doyenne_piana_vico_sari,doyenne_piana_vico_sari,FALSE,pieve_cinarca,pieve_cinarca,FALSE,TRUE,edifices_romans,
san_martino_ghisoni_haute,San Martino (Ghisoni haute),42.078,9.29,doyenne_plaine_orientale,doyenne_plaine_orientale,FALSE,pieve_ghisoni,pieve_fiumorbo,TRUE,TRUE,edifices_romans,
san_martino_piazzole,San Martino (Piazzole),42.285,9.29,doyenne_du_golo,doyenne_cortenais,TRUE,pieve_giovellina,pieve_bozio,TRUE,TRUE,edifices_romans,
san_martino_rogliano_village,San Martino (Rogliano village),42.955,9.418,doyenne_du_cap,doyenne_du_cap,FALSE,pieve_rogliano,pieve_rogliano,FALSE,TRUE,edifices_romans,
san_martino_taglio_isolaccio,San Martino (Taglio-Isolaccio),42.44,9.5,doyenne_du_golo,doyenne_du_golo,FALSE,pieve_tavagna,pieve_tavagna,FALSE,TRUE,edifices_romans,
san_martino_vescovato_haute,San Martino (Vescovato haute),42.505,9.48,doyenne_du_golo,doyenne_du_golo,FALSE,pieve_casinca,pieve_casinca,FALSE,TRUE,edifices_romans,
san_martino_vico,San Martino (Vico),42.1,8.75,doyenne_piana_vico_sari,doyenne_piana_vico_sari,FALSE,pieve_vico,pieve_cinarca,TRUE,TRUE,edifices_romans,
san_martinu_alando,San Martinu (Alando),42.275,9.27,doyenne_cortenais,doyenne_cortenais,FALSE,pieve_bozio,,FALSE,TRUE,edifices_romans,pieve_geo_NONE
san_martinu_belvedere_campomoro,San Martinu (Belvédère-Campomoro),41.56,8.9,doyenne_extreme_sud,doyenne_extreme_sud,FALSE,pieve_sartene,pieve_sartene,FALSE,TRUE,edifices_romans,
san_martinu_borgo,San Martinu (Borgo),42.48,9.46,doyenne_du_golo,doyenne_du_golo,FALSE,pieve_mariana,pieve_casinca,TRUE,TRUE,edifices_romans,
san_martinu_casanova,San Martinu (Casanova),42.31,9.07,doyenne_cortenais,doyenne_cortenais,FALSE,pieve_giovellina,pieve_talcini,TRUE,TRUE,edifices_romans,
san_martinu_cozzano_haut,San Martinu (Cozzano haut),41.96,9.25,doyenne_prunelli_taravo_valinco,doyenne_plaine_orientale,TRUE,pieve_verde,pieve_fiumorbo,TRUE,TRUE,edifices_romans,
san_martinu_de_soccia,San Martinu de Soccia,42.2178,8.9783,doyenne_piana_vico_sari,doyenne_piana_vico_sari,FALSE,pieve_sorroinsu,pieve_sorroinsu,FALSE,TRUE,edifices_romans,
san_martinu_figari_haute,San Martinu (Figari haute),41.505,9.132,doyenne_extreme_sud,doyenne_extreme_sud,FALSE,pieve_freto,pieve_freto,FALSE,TRUE,edifices_romans,
san_martinu_galeria,San Martinu (Galeria),42.49,8.87,doyenne_balagne,doyenne_balagne,FALSE,pieve_filosorma,pieve_balagne,TRUE,TRUE,edifices_romans,
san_martinu_grosseto_prugna,San Martinu (Grosseto-Prugna),41.85,8.92,doyenne_prunelli_taravo_valinco,doyenne_prunelli_taravo_valinco,FALSE,pieve_ornano,pieve_ornano,FALSE,TRUE,edifices_romans,
san_martinu_luri,San Martinu (Luri),42.91,9.39,doyenne_du_cap,doyenne_du_cap,FALSE,pieve_luri,pieve_luri,FALSE,TRUE,edifices_romans,
san_martinu_monacia_d_aullene_sud,San Martinu (Monacia-d'Aullène sud),41.45,9.13,doyenne_extreme_sud,doyenne_extreme_sud,FALSE,pieve_freto,pieve_bonifacio,TRUE,TRUE,edifices_romans,
san_martinu_murato_haute,San Martinu (Murato haute),42.67,9.21,doyenne_du_golo,doyenne_du_golo,FALSE,pieve_nebbiu,pieve_nebbiu,FALSE,TRUE,edifices_romans,
san_martinu_murzo,San Martinu (Murzo),42.108,8.912,doyenne_piana_vico_sari,doyenne_piana_vico_sari,FALSE,pieve_sorroinsu,pieve_cruzini,TRUE,TRUE,edifices_romans,
san_martinu_omessa,San Martinu (Omessa),42.33,9.13,doyenne_cortenais,doyenne_cortenais,FALSE,pieve_talcini,pieve_talcini,FALSE,TRUE,edifices_romans,
san_martinu_pietracorbara,San Martinu (Pietracorbara),42.78,9.435,doyenne_du_cap,doyenne_du_cap,FALSE,pieve_brando,pieve_brando,FALSE,TRUE,edifices_romans,
san_martinu_rezza,San Martinu (Rezza),42.13,8.89,doyenne_piana_vico_sari,doyenne_piana_vico_sari,FALSE,pieve_cruzini,pieve_cruzini,FALSE,TRUE,edifices_romans,
san_martinu_serra_di_fiumorbo,San Martinu (Serra-di-Fiumorbo),41.99,9.38,doyenne_plaine_orientale,doyenne_plaine_orientale,FALSE,pieve_fiumorbo,pieve_fiumorbo,FALSE,TRUE,edifices_romans,
san_martinu_tavera,San Martinu (Tavera),42.15,8.98,doyenne_ajaccio,doyenne_piana_vico_sari,TRUE,pieve_celavo,pieve_cruzini,TRUE,TRUE,edifices_romans,
san_martinu_ucciani,San Martinu (Ucciani),42.135,9.03,doyenne_ajaccio,doyenne_piana_vico_sari,TRUE,pieve_celavo,pieve_cruzini,TRUE,TRUE,edifices_romans,
san_martinu_verdese,San Martinu (Verdese),42.36,9.35,doyenne_du_golo,doyenne_du_golo,FALSE,pieve_orezza,pieve_orezza,FALSE,TRUE,edifices_romans,
san_martinu_zicavo,San Martinu (Zicavo),42.005,8.92,doyenne_prunelli_taravo_valinco,doyenne_ajaccio,TRUE,pieve_verde,pieve_mezzana,TRUE,TRUE,edifices_romans,
san_martinu_zicavo_village,San Martinu (Zicavo village),41.888,9.133,doyenne_prunelli_taravo_valinco,doyenne_prunelli_taravo_valinco,FALSE,pieve_verde,pieve_verde,FALSE,TRUE,edifices_romans,
san_michele_bastia_citadelle,San Michele (Bastia Citadelle),42.688,9.438,doyenne_du_cap,doyenne_du_cap,FALSE,pieve_bastia,pieve_bastia,FALSE,TRUE,edifices_romans,
san_michele_castifao_caccia,San Michele (Castifao (Caccia)),42.6,8.92,doyenne_cortenais,doyenne_balagne,TRUE,pieve_caccia,pieve_balagne,TRUE,TRUE,edifices_romans,
san_michele_de_murato,San Michele de Murato,42.6147,9.337,doyenne_du_golo,doyenne_du_golo,FALSE,pieve_nebbiu,pieve_nebbiu,FALSE,TRUE,edifices_romans,
san_michele_speloncato_bas,San Michele (Speloncato bas),42.625,8.975,doyenne_balagne,doyenne_balagne,FALSE,pieve_balagne,pieve_balagne,FALSE,TRUE,edifices_romans,
san_nicola_cargese_haute,San Nicola (Cargèse haute),42.135,8.612,doyenne_piana_vico_sari,doyenne_piana_vico_sari,FALSE,pieve_vico,pieve_vico,FALSE,TRUE,edifices_romans,
san_nicolao_albitreccia,San Nicolao (Albitreccia),41.82,8.975,doyenne_prunelli_taravo_valinco,doyenne_prunelli_taravo_valinco,FALSE,pieve_ornano,pieve_ornano,FALSE,TRUE,edifices_romans,
san_nicolao_castellare_di_mercurio,San Nicolao (Castellare-di-Mercurio),42.3,9.19,doyenne_cortenais,doyenne_cortenais,FALSE,pieve_giovellina,pieve_talcini,TRUE,TRUE,edifices_romans,
san_nicolao_coti_chiavari,San Nicolao (Coti-Chiavari),41.81,8.8,doyenne_prunelli_taravo_valinco,doyenne_prunelli_taravo_valinco,FALSE,pieve_ornano,pieve_ornano,FALSE,TRUE,edifices_romans,
san_nicolao_cozzano,San Nicolao (Cozzano),41.98,9.3,doyenne_prunelli_taravo_valinco,doyenne_plaine_orientale,TRUE,pieve_verde,pieve_fiumorbo,TRUE,TRUE,edifices_romans,
san_nicolao_ghisoni,San Nicolao (Ghisoni),42.09,9.35,doyenne_plaine_orientale,doyenne_plaine_orientale,FALSE,pieve_ghisoni,pieve_fiumorbo,TRUE,TRUE,edifices_romans,
san_nicolao_levie,San Nicolao (Levie),41.715,9.067,doyenne_extreme_sud,doyenne_extreme_sud,FALSE,pieve_carbini,pieve_tallano,TRUE,TRUE,edifices_romans,
san_nicolao_linguizzetta,San Nicolao (Linguizzetta),42.21,9.46,doyenne_plaine_orientale,doyenne_plaine_orientale,FALSE,pieve_campoloro,pieve_rogna,TRUE,TRUE,edifices_romans,
san_nicolao_nonza,San Nicolao (Nonza),42.78,9.342,doyenne_du_cap,doyenne_du_cap,FALSE,pieve_nonza,pieve_nonza,FALSE,TRUE,edifices_romans,
san_nicolao_petreto_bicchisano,San Nicolao (Petreto-Bicchisano),41.73,9.0,doyenne_prunelli_taravo_valinco,doyenne_prunelli_taravo_valinco,FALSE,pieve_istria,pieve_sartene,TRUE,TRUE,edifices_romans,
san_nicolao_pianello_bozio,San Nicolao (Pianello (Bozio)),42.312,9.268,doyenne_plaine_orientale,doyenne_cortenais,TRUE,pieve_bozio,,FALSE,TRUE,edifices_romans,pieve_geo_NONE
san_nicolao_san_martino_di_lota,San Nicolao (San-Martino-di-Lota),42.89,9.43,doyenne_du_cap,doyenne_du_cap,FALSE,pieve_brando,pieve_luri,TRUE,TRUE,edifices_romans,
san_nicolao_san_nicolao,San Nicolao,42.13,9.48,doyenne_plaine_orientale,doyenne_plaine_orientale,FALSE,pieve_moriani,pieve_aleria,TRUE,TRUE,edifices_romans,
san_nicolao_sermano,San Nicolao (Sermano),42.31,9.249,doyenne_cortenais,doyenne_cortenais,FALSE,pieve_rogna,,FALSE,TRUE,edifices_romans,pieve_geo_NONE
san_nicolao_serra_di_scopamene,San Nicolao (Serra-di-Scopamène),41.83,9.32,doyenne_extreme_sud,doyenne_plaine_orientale,TRUE,pieve_verde,pieve_verde,FALSE,TRUE,edifices_romans,
san_pancrazio_couvent_de_vico_vico,San Pancrazio (couvent de Vico),42.118,8.788,doyenne_piana_vico_sari,doyenne_piana_vico_sari,FALSE,pieve_vico,pieve_vico,FALSE,TRUE,edifices_romans,
san_pantaleone_olcani,San Pantaleone (Olcani),42.75,9.395,doyenne_du_cap,doyenne_du_cap,FALSE,pieve_canari,pieve_brando,TRUE,TRUE,edifices_romans,
san_parteo_lucciana_mariana,San Parteo (Lucciana/Mariana),42.468,9.455,doyenne_du_golo,doyenne_du_golo,FALSE,pieve_mariana,pieve_casinca,TRUE,TRUE,edifices_romans,
san_petru_bisinchi,San Petru (Bisinchi),42.49,9.2,doyenne_cortenais,doyenne_du_golo,TRUE,pieve_rostino,pieve_caccia,TRUE,TRUE,edifices_romans,
san_petru_calcatoggio,San Petru (Calcatoggio),42.095,8.73,doyenne_piana_vico_sari,doyenne_piana_vico_sari,FALSE,pieve_cinarca,pieve_cinarca,FALSE,TRUE,edifices_romans,
san_petru_canavaggia,San Petru (Canavaggia),42.425,9.082,doyenne_du_golo,doyenne_cortenais,TRUE,pieve_caccia,pieve_giovellina,TRUE,TRUE,edifices_romans,
san_petru_conca,San Petru (Conca),41.835,9.35,doyenne_extreme_sud,doyenne_plaine_orientale,TRUE,pieve_verde,pieve_verde,FALSE,TRUE,edifices_romans,
san_petru_cuttoli_corticchiato,San Petru (Cuttoli-Corticchiato),42.01,8.84,doyenne_ajaccio,doyenne_ajaccio,FALSE,pieve_mezzana,pieve_mezzana,FALSE,TRUE,edifices_romans,
san_petru_ghisoni_village_bas,San Petru (Ghisoni village bas),42.062,9.342,doyenne_plaine_orientale,doyenne_plaine_orientale,FALSE,pieve_ghisoni,pieve_fiumorbo,TRUE,TRUE,edifices_romans,
san_petru_lozzi,San Petru (Lozzi),42.36,8.968,doyenne_cortenais,doyenne_cortenais,FALSE,pieve_niolu,pieve_niolu,FALSE,TRUE,edifices_romans,
san_petru_moltifao,San Petru (Moltifao),42.5,9.05,doyenne_cortenais,doyenne_balagne,TRUE,pieve_caccia,pieve_balagne,TRUE,TRUE,edifices_romans,
san_petru_san_giuliano,San Petru (San-Giuliano),42.2,9.49,doyenne_plaine_orientale,doyenne_plaine_orientale,FALSE,pieve_campoloro,pieve_campoloro,FALSE,TRUE,edifices_romans,
san_petru_vallerustie_village,San Petru (Vallerustie village),42.395,9.305,,doyenne_cortenais,FALSE,,pieve_rostino,FALSE,TRUE,edifices_romans,
san_petru_ventiseri,San Petru (Ventiseri),41.96,9.36,doyenne_plaine_orientale,doyenne_plaine_orientale,FALSE,pieve_verde,pieve_verde,FALSE,TRUE,edifices_romans,
san_petru_zonza,San Petru (Zonza),41.78,9.26,doyenne_extreme_sud,doyenne_extreme_sud,FALSE,pieve_verde,pieve_verde,FALSE,TRUE,edifices_romans,
san_pietro_ajaccio_castelluccio,San Pietro (Ajaccio Castelluccio),41.93,8.7,doyenne_ajaccio,doyenne_ajaccio,FALSE,pieve_ajaccio,pieve_ajaccio,FALSE,TRUE,edifices_romans,
san_pietro_albertacce,San Pietro (Albertacce),42.33,8.95,doyenne_cortenais,doyenne_cortenais,FALSE,pieve_niolu,pieve_niolu,FALSE,TRUE,edifices_romans,
san_pietro_asco,San Pietro (Asco),42.53,9.17,doyenne_cortenais,doyenne_balagne,TRUE,pieve_caccia,pieve_caccia,FALSE,TRUE,edifices_romans,
san_pietro_bocognano,San Pietro (Bocognano),42.18,8.95,doyenne_ajaccio,doyenne_piana_vico_sari,TRUE,pieve_celavo,pieve_sorroinsu,TRUE,TRUE,edifices_romans,
san_pietro_centuri,San Pietro (Centuri),42.965,9.355,doyenne_du_cap,doyenne_du_cap,FALSE,pieve_pino,pieve_pino,FALSE,TRUE,edifices_romans,
san_pietro_cervione_basse,San Pietro (Cervione basse),42.45,9.49,doyenne_plaine_orientale,doyenne_du_golo,TRUE,pieve_campoloro,pieve_casinca,TRUE,TRUE,edifices_romans,
san_pietro_e_paolo_lumio,San Pietro e Paolo (Lumio),42.578,8.835,doyenne_balagne,doyenne_balagne,FALSE,pieve_balagne,pieve_balagne,FALSE,TRUE,edifices_romans,
san_pietro_favalello,San Pietro (Favalello),42.26,9.245,doyenne_cortenais,doyenne_cortenais,FALSE,pieve_bozio,pieve_bozio,FALSE,TRUE,edifices_romans,
san_pietro_fozzano,San Pietro (Fozzano),41.805,8.935,doyenne_prunelli_taravo_valinco,doyenne_prunelli_taravo_valinco,FALSE,pieve_sartene,pieve_ornano,TRUE,TRUE,edifices_romans,
san_pietro_isolaccio_di_fiumorbo,San Pietro (Isolaccio-di-Fiumorbo),42.0,9.42,doyenne_plaine_orientale,doyenne_plaine_orientale,FALSE,pieve_fiumorbo,pieve_fiumorbo,FALSE,TRUE,edifices_romans,
san_pietro_la_porta,San Pietro (La Porta),42.365,9.4,doyenne_du_golo,doyenne_du_golo,FALSE,pieve_ampugnani,pieve_orezza,TRUE,TRUE,edifices_romans,
san_pietro_letia,San Pietro (Letia),42.07,8.96,doyenne_piana_vico_sari,doyenne_ajaccio,TRUE,pieve_sorroinsu,pieve_celavo,TRUE,TRUE,edifices_romans,
san_pietro_loreto_di_tallano,San Pietro (Loreto-di-Tallano),41.66,9.022,doyenne_extreme_sud,doyenne_extreme_sud,FALSE,pieve_tallano,pieve_tallano,FALSE,TRUE,edifices_romans,
san_pietro_lozari,San Pietro (Lozari),42.618,9.002,,doyenne_balagne,FALSE,,pieve_balagne,FALSE,TRUE,edifices_romans,
san_pietro_muro,San Pietro (Muro),42.578,8.998,doyenne_balagne,doyenne_balagne,FALSE,pieve_caccia,pieve_balagne,TRUE,TRUE,edifices_romans,
san_pietro_noceta,San Pietro (Noceta),42.2,9.21,doyenne_cortenais,doyenne_cortenais,FALSE,pieve_venaco,pieve_venaco,FALSE,TRUE,edifices_romans,
san_pietro_olmeta_di_capocorso,San Pietro (Olmeta-di-Capocorso),42.84,9.34,doyenne_du_cap,doyenne_du_cap,FALSE,pieve_nonza,pieve_canari,TRUE,TRUE,edifices_romans,
san_pietro_olmeto,San Pietro (Olmeto),41.7,8.9,doyenne_prunelli_taravo_valinco,doyenne_prunelli_taravo_valinco,FALSE,pieve_istria,pieve_istria,FALSE,TRUE,edifices_romans,
san_pietro_palasca,San Pietro (Palasca),42.59,8.96,doyenne_balagne,doyenne_balagne,FALSE,pieve_balagne,pieve_balagne,FALSE,TRUE,edifices_romans,
san_pietro_penta_di_casinca,San Pietro (Penta-di-Casinca),42.35,9.5,doyenne_du_golo,doyenne_plaine_orientale,TRUE,pieve_casinca,pieve_moriani,TRUE,TRUE,edifices_romans,
san_pietro_pigna,San Pietro (Pigna),42.598,8.935,doyenne_balagne,doyenne_balagne,FALSE,pieve_balagne,pieve_balagne,FALSE,TRUE,edifices_romans,
san_pietro_poggio_mezzana,San Pietro (Poggio-Mezzana),42.21,9.39,doyenne_du_golo,doyenne_plaine_orientale,TRUE,pieve_tavagna,pieve_rogna,TRUE,TRUE,edifices_romans,
san_pietro_rapale_haute,San Pietro (Rapale haute),42.628,9.272,doyenne_du_golo,doyenne_du_golo,FALSE,pieve_nebbiu,pieve_nebbiu,FALSE,TRUE,edifices_romans,
san_pietro_renno,San Pietro (Renno),42.13,8.75,doyenne_piana_vico_sari,doyenne_piana_vico_sari,FALSE,pieve_sorroinsu,pieve_cinarca,TRUE,TRUE,edifices_romans,
san_pietro_saliceto,San Pietro (Saliceto),42.375,9.38,doyenne_cortenais,doyenne_du_golo,TRUE,pieve_rostino,pieve_orezza,TRUE,TRUE,edifices_romans,
san_pietro_sampolo,San Pietro (Sampolo),41.92,9.27,doyenne_prunelli_taravo_valinco,doyenne_plaine_orientale,TRUE,pieve_verde,pieve_verde,FALSE,TRUE,edifices_romans,
san_pietro_santo_pietro_di_tenda,San Pietro (Santo-Pietro-di-Tenda),42.66,9.07,doyenne_du_golo,doyenne_balagne,TRUE,pieve_nebbiu,pieve_balagne,TRUE,TRUE,edifices_romans,
san_pietro_sorbo_ocagnano,San Pietro (Sorbo-Ocagnano),42.45,9.38,doyenne_du_golo,doyenne_du_golo,FALSE,pieve_casinca,pieve_ampugnani,TRUE,TRUE,edifices_romans,
san_pietro_sorbollano,San Pietro (Sorbollano),41.68,9.1,doyenne_extreme_sud,doyenne_extreme_sud,FALSE,pieve_carbini,pieve_tallano,TRUE,TRUE,edifices_romans,
san_pietro_tavaco,San Pietro (Tavaco),41.95,8.85,doyenne_ajaccio,doyenne_prunelli_taravo_valinco,TRUE,pieve_mezzana,pieve_ajaccio,TRUE,TRUE,edifices_romans,
san_pietro_venaco,San Pietro (Venaco),42.23,9.157,doyenne_cortenais,doyenne_cortenais,FALSE,pieve_venaco,pieve_venaco,FALSE,TRUE,edifices_romans,
san_pietro_venzolasca,San Pietro (Venzolasca),42.485,9.488,doyenne_du_golo,doyenne_du_golo,FALSE,pieve_casinca,pieve_casinca,FALSE,TRUE,edifices_romans,
san_quilico_de_cambia,San Quilico de Cambia,42.4147,9.3567,doyenne_cortenais,doyenne_du_golo,TRUE,pieve_vallerustie,pieve_ampugnani,TRUE,TRUE,edifices_romans,
san_quilicu_ambiegna,San Quilicu (Ambiegna),42.025,8.75,doyenne_piana_vico_sari,doyenne_piana_vico_sari,FALSE,pieve_cinarca,pieve_cinarca,FALSE,TRUE,edifices_romans,
san_quilicu_aullene,San Quilicu (Aullène),41.74,9.05,doyenne_extreme_sud,doyenne_extreme_sud,FALSE,pieve_tallano,pieve_tallano,FALSE,TRUE,edifices_romans,
san_quilicu_cambia,San Quilicu (Cambia),42.398,9.29,doyenne_cortenais,doyenne_cortenais,FALSE,pieve_vallerustie,pieve_rostino,TRUE,TRUE,edifices_romans,
san_quilicu_castagniccia_opino,San Quilicu (Castagniccia-Opino),42.38,9.408,,doyenne_du_golo,FALSE,,pieve_orezza,FALSE,TRUE,edifices_romans,
san_quilicu_castellare_di_casinca,San Quilicu (Castellare-di-Casinca),42.47,9.472,doyenne_du_golo,doyenne_du_golo,FALSE,pieve_casinca,pieve_casinca,FALSE,TRUE,edifices_romans,
san_quilicu_figari,San Quilicu (Figari),41.46,9.23,doyenne_extreme_sud,doyenne_extreme_sud,FALSE,pieve_freto,pieve_bonifacio,TRUE,TRUE,edifices_romans,
san_quilicu_lama,San Quilicu (Lama),42.62,9.16,doyenne_balagne,doyenne_balagne,FALSE,pieve_nebbiu,pieve_nebbiu,FALSE,TRUE,edifices_romans,
san_quilicu_lecci,San Quilicu (Lecci),41.5,9.26,doyenne_extreme_sud,doyenne_extreme_sud,FALSE,pieve_carbini,pieve_carbini,FALSE,TRUE,edifices_romans,
san_quilicu_luri_basse,San Quilicu (Luri basse),42.808,9.452,doyenne_du_cap,doyenne_du_cap,FALSE,pieve_luri,pieve_brando,TRUE,TRUE,edifices_romans,
san_quilicu_olmeta_di_tuda,San Quilicu (Olmeta-di-Tuda),42.6,9.31,doyenne_du_golo,doyenne_du_golo,FALSE,pieve_nebbiu,pieve_nebbiu,FALSE,TRUE,edifices_romans,
san_quilicu_pero_casevecchie,San Quilicu (Pero-Casevecchie),42.37,9.43,doyenne_du_golo,doyenne_du_golo,FALSE,pieve_tavagna,pieve_tavagna,FALSE,TRUE,edifices_romans,
san_quilicu_pianello,San Quilicu (Pianello),41.905,9.245,doyenne_plaine_orientale,doyenne_prunelli_taravo_valinco,TRUE,pieve_bozio,pieve_verde,TRUE,TRUE,edifices_romans,
san_quilicu_pianottoli_haute,San Quilicu (Pianottoli haute),41.475,9.095,doyenne_du_golo,doyenne_extreme_sud,TRUE,pieve_ampugnani,pieve_freto,TRUE,TRUE,edifices_romans,
san_quilicu_piedicorte_di_gaggio,San Quilicu (Piedicorte-di-Gaggio),42.26,9.31,doyenne_cortenais,doyenne_cortenais,FALSE,pieve_rogna,pieve_bozio,TRUE,TRUE,edifices_romans,
san_quilicu_prunete_village,San Quilicu (Prunete village),42.195,9.44,,doyenne_plaine_orientale,FALSE,,pieve_rogna,FALSE,TRUE,edifices_romans,
san_quilicu_tallone_basse,San Quilicu (Tallone basse),42.07,9.37,doyenne_plaine_orientale,doyenne_plaine_orientale,FALSE,pieve_rogna,pieve_aleria,TRUE,TRUE,edifices_romans,
san_quilicu_valle_di_rostino,San Quilicu (Valle-di-Rostino),42.38,9.37,doyenne_cortenais,doyenne_du_golo,TRUE,pieve_rostino,pieve_orezza,TRUE,TRUE,edifices_romans,
san_quilicu_vallecalle,San Quilicu (Vallecalle),42.67,9.24,doyenne_du_golo,doyenne_du_golo,FALSE,pieve_nebbiu,pieve_nebbiu,FALSE,TRUE,edifices_romans,
san_quilicu_viggianello,San Quilicu (Viggianello),41.64,8.85,doyenne_prunelli_taravo_valinco,doyenne_extreme_sud,TRUE,pieve_sartene,pieve_sartene,FALSE,TRUE,edifices_romans,
san_raineru_corbara,San Raineru (Corbara),42.57,8.93,doyenne_balagne,doyenne_balagne,FALSE,pieve_balagne,pieve_balagne,FALSE,TRUE,edifices_romans,
san_raineru_montegrosso_feliceto,San Raineru (Montegrosso (Feliceto)),42.555,8.855,doyenne_balagne,doyenne_balagne,FALSE,pieve_balagne,pieve_balagne,FALSE,TRUE,edifices_romans,
san_raineru_vico_haute,San Raineru (Vico (haute)),42.125,8.775,doyenne_piana_vico_sari,doyenne_piana_vico_sari,FALSE,pieve_vico,pieve_vico,FALSE,TRUE,edifices_romans,
san_rocco_viggianello_bas,San Rocco (Viggianello bas),41.755,8.92,doyenne_prunelli_taravo_valinco,doyenne_prunelli_taravo_valinco,FALSE,pieve_sartene,pieve_istria,TRUE,TRUE,edifices_romans,
san_roccu_ajaccio_vieille_ville,San Roccu (Ajaccio (vieille ville)),41.918,8.738,doyenne_ajaccio,doyenne_ajaccio,FALSE,pieve_ajaccio,pieve_ajaccio,FALSE,TRUE,edifices_romans,
san_roccu_bastia_nord,San Roccu (Bastia nord),42.702,9.452,doyenne_du_cap,doyenne_du_cap,FALSE,pieve_bastia,pieve_bastia,FALSE,TRUE,edifices_romans,
san_tumasgiu_speloncato,San Tumasgiu (Speloncato),42.577,8.935,doyenne_balagne,doyenne_balagne,FALSE,pieve_balagne,pieve_balagne,FALSE,TRUE,edifices_romans,
sant_andrea_belvedere_campomoro_haute,Sant'Andrea (Belvédère-Campomoro haute),41.74,8.978,doyenne_extreme_sud,doyenne_prunelli_taravo_valinco,TRUE,pieve_sartene,pieve_istria,TRUE,TRUE,edifices_romans,
sant_andrea_sant_antonino,Sant'Andrea (Sant'Antonino),42.578,8.878,doyenne_balagne,doyenne_balagne,FALSE,pieve_balagne,pieve_balagne,FALSE,TRUE,edifices_romans,
sant_andria_alata_village,Sant'Andria (Alata village),41.978,8.753,doyenne_ajaccio,doyenne_ajaccio,FALSE,pieve_ajaccio,pieve_ajaccio,FALSE,TRUE,edifices_romans,
sant_andria_menhirs,Sant Andria menhirs,41.71,9.13,,doyenne_extreme_sud,FALSE,,pieve_carbini,FALSE,TRUE,megalithes,
sant_andria_sermano_haut,Sant'Andria (Sermano haut),42.268,9.255,doyenne_cortenais,doyenne_cortenais,FALSE,pieve_rogna,,FALSE,TRUE,edifices_romans,pieve_geo_NONE
sant_antoni_couvent_de_calvi_calvi,Sant'Antoni (Couvent de Calvi),42.56,8.758,doyenne_balagne,doyenne_balagne,FALSE,pieve_balagne,pieve_balagne,FALSE,TRUE,edifices_romans,
sant_appiano_cathedrale_de_sagone_sagone_vico,Sant'Appiano (cathédrale de Sagone) (Sagone (Vico)),42.118,8.686,doyenne_piana_vico_sari,doyenne_piana_vico_sari,FALSE,pieve_vico,pieve_vico,FALSE,TRUE,edifices_romans,
sant_appiano_fils_vico_golfe,Sant'Appiano fils (Vico golfe),42.115,8.682,,doyenne_piana_vico_sari,FALSE,,pieve_vico,FALSE,TRUE,edifices_romans,
santa_catalina_sisco,Santa Catalina (Sisco),42.815,9.454,doyenne_du_cap,doyenne_du_cap,FALSE,pieve_brando,pieve_brando,FALSE,TRUE,edifices_romans,
santa_cristina_valle_di_campoloro,Santa Cristina (Valle-di-Campoloro),42.155,9.5,doyenne_plaine_orientale,doyenne_plaine_orientale,FALSE,pieve_campoloro,pieve_rogna,TRUE,TRUE,edifices_romans,
santa_giulia_porto_vecchio,Santa Giulia (Porto-Vecchio),41.512,9.28,doyenne_extreme_sud,doyenne_extreme_sud,FALSE,pieve_carbini,pieve_carbini,FALSE,TRUE,edifices_romans,
santa_lucia_cauro,Santa Lucia (Cauro),41.975,8.82,doyenne_prunelli_taravo_valinco,doyenne_ajaccio,TRUE,pieve_ornano,pieve_mezzana,TRUE,TRUE,edifices_romans,
santa_lucia_cervione,Santa Lucia (Cervione),42.18,9.51,doyenne_plaine_orientale,doyenne_plaine_orientale,FALSE,pieve_campoloro,pieve_campoloro,FALSE,TRUE,edifices_romans,
santa_lucia_ghisonaccia_haute,Santa Lucia (Ghisonaccia haute),41.968,9.398,doyenne_plaine_orientale,doyenne_plaine_orientale,FALSE,pieve_aleria,pieve_verde,TRUE,TRUE,edifices_romans,
santa_lucia_mazzola,Santa Lucia (Mazzola),42.29,9.23,doyenne_cortenais,doyenne_cortenais,FALSE,pieve_bozio,pieve_bozio,FALSE,TRUE,edifices_romans,
santa_lucia_sainte_lucie_de_tallano_basse,Santa Lucia (Sainte-Lucie-de-Tallano basse),41.605,8.988,doyenne_extreme_sud,doyenne_extreme_sud,FALSE,pieve_tallano,pieve_sartene,TRUE,TRUE,edifices_romans,
santa_lucia_serra_di_ferro,Santa Lucia (Serra-di-Ferro),41.76,8.98,doyenne_prunelli_taravo_valinco,doyenne_prunelli_taravo_valinco,FALSE,pieve_istria,pieve_istria,FALSE,TRUE,edifices_romans,
santa_maria_afa,Santa Maria (Afa),41.94,8.77,doyenne_ajaccio,doyenne_ajaccio,FALSE,pieve_mezzana,pieve_ajaccio,TRUE,TRUE,edifices_romans,
santa_maria_aleria,Santa Maria (Aléria),42.105,9.513,doyenne_plaine_orientale,doyenne_plaine_orientale,FALSE,pieve_aleria,pieve_aleria,FALSE,TRUE,edifices_romans,
santa_maria_arbellara,Santa Maria (Arbellara),41.735,8.85,doyenne_prunelli_taravo_valinco,doyenne_prunelli_taravo_valinco,FALSE,pieve_sartene,pieve_istria,TRUE,TRUE,edifices_romans,
santa_maria_arbori,Santa Maria (Arbori),42.09,8.78,doyenne_piana_vico_sari,doyenne_piana_vico_sari,FALSE,pieve_vico,pieve_cinarca,TRUE,TRUE,edifices_romans,
santa_maria_assunta_ajaccio_bazzicacce,Santa Maria Assunta (Ajaccio-Bazzicacce),41.908,8.718,doyenne_ajaccio,,FALSE,pieve_ajaccio,,FALSE,TRUE,edifices_romans,doyenne_geo_NONE; pieve_geo_NONE
santa_maria_assunta_bastia_bastia,Santa Maria Assunta (Bastia),42.696,9.45,doyenne_du_cap,doyenne_du_cap,FALSE,pieve_bastia,pieve_bastia,FALSE,TRUE,edifices_romans,
santa_maria_assunta_campodonico,Santa Maria Assunta (Campodonico),42.295,9.35,doyenne_prunelli_taravo_valinco,doyenne_plaine_orientale,TRUE,pieve_ornano,pieve_bozio,TRUE,TRUE,edifices_romans,
santa_maria_assunta_canari,Santa Maria Assunta (Canari),42.873,9.348,doyenne_du_cap,doyenne_du_cap,FALSE,pieve_canari,pieve_canari,FALSE,TRUE,edifices_romans,
santa_maria_assunta_meria_interieur,Santa Maria Assunta (Meria intérieur),42.838,9.404,doyenne_du_cap,doyenne_du_cap,FALSE,pieve_luri,pieve_brando,TRUE,TRUE,edifices_romans,
santa_maria_assunta_ogliastro,Santa Maria Assunta (Ogliastro),42.87,9.38,doyenne_du_cap,doyenne_du_cap,FALSE,pieve_canari,pieve_canari,FALSE,TRUE,edifices_romans,
santa_maria_aullene_village,Santa Maria (Aullène village),41.712,9.078,doyenne_extreme_sud,doyenne_extreme_sud,FALSE,pieve_tallano,pieve_tallano,FALSE,TRUE,edifices_romans,
santa_maria_bocognano_haute,Santa Maria (Bocognano haute),42.22,9.04,doyenne_ajaccio,doyenne_cortenais,TRUE,pieve_celavo,pieve_talcini,TRUE,TRUE,edifices_romans,
santa_maria_bonifacio_haute_ville,Santa Maria (Bonifacio haute ville),41.42,9.16,doyenne_extreme_sud,doyenne_extreme_sud,FALSE,pieve_bonifacio,pieve_bonifacio,FALSE,TRUE,edifices_romans,
santa_maria_brando,Santa Maria (Brando),42.85,9.37,doyenne_du_cap,doyenne_du_cap,FALSE,pieve_brando,pieve_canari,TRUE,TRUE,edifices_romans,
santa_maria_calacuccia,Santa Maria (Calacuccia),42.34,9.0,doyenne_cortenais,doyenne_cortenais,FALSE,pieve_niolu,pieve_niolu,FALSE,TRUE,edifices_romans,
santa_maria_calacuccia_village,Santa Maria (Calacuccia village),42.46,8.93,doyenne_cortenais,doyenne_balagne,TRUE,pieve_niolu,pieve_balagne,TRUE,TRUE,edifices_romans,
santa_maria_campile,Santa Maria (Campile),42.4,9.405,doyenne_du_golo,doyenne_du_golo,FALSE,pieve_casacconi,,FALSE,TRUE,edifices_romans,pieve_geo_NONE
santa_maria_carpineto,Santa Maria (Carpineto),42.33,9.3,doyenne_du_golo,doyenne_cortenais,TRUE,pieve_orezza,,FALSE,TRUE,edifices_romans,pieve_geo_NONE
santa_maria_castirla,Santa Maria (Castirla),42.49,9.1,doyenne_cortenais,doyenne_cortenais,FALSE,pieve_talcini,pieve_caccia,TRUE,TRUE,edifices_romans,
santa_maria_cateri,Santa Maria (Cateri),42.55,8.91,doyenne_balagne,doyenne_balagne,FALSE,pieve_balagne,pieve_balagne,FALSE,TRUE,edifices_romans,
santa_maria_cervione_interieur,Santa Maria (Cervione intérieur),42.158,9.416,doyenne_plaine_orientale,doyenne_plaine_orientale,FALSE,pieve_campoloro,pieve_rogna,TRUE,TRUE,edifices_romans,
santa_maria_chiatra,Santa Maria (Chiatra),42.23,9.43,doyenne_plaine_orientale,doyenne_plaine_orientale,FALSE,pieve_alesani,pieve_rogna,TRUE,TRUE,edifices_romans,
santa_maria_cozzano_ghisoni,Santa Maria (Cozzano-Ghisoni),42.035,9.31,doyenne_prunelli_taravo_valinco,doyenne_plaine_orientale,TRUE,pieve_verde,pieve_fiumorbo,TRUE,TRUE,edifices_romans,
santa_maria_de_la_rescamone_vescovato,Santa Maria de la Rescamone (Vescovato),42.445,9.428,doyenne_du_golo,doyenne_du_golo,FALSE,pieve_casinca,pieve_ampugnani,TRUE,TRUE,edifices_romans,
santa_maria_della_chiappella_rogliano,Santa Maria della Chiappella (Rogliano),42.968,9.41,doyenne_du_cap,doyenne_du_cap,FALSE,pieve_rogliano,pieve_rogliano,FALSE,TRUE,edifices_romans,
santa_maria_della_neve_grosseto_prugna_basse,Santa Maria della Neve (Grosseto-Prugna basse),41.905,8.798,doyenne_prunelli_taravo_valinco,,FALSE,pieve_ornano,pieve_ornano,FALSE,TRUE,edifices_romans,doyenne_geo_NONE
santa_maria_di_e_grazie_sagone_littoral,Santa Maria di e Grazie (Sagone littoral),42.118,8.68,,doyenne_piana_vico_sari,FALSE,,pieve_vico,FALSE,TRUE,edifices_romans,
santa_maria_erbajolo,Santa Maria (Erbajolo),42.27,9.21,doyenne_cortenais,doyenne_cortenais,FALSE,pieve_giovellina,pieve_venaco,TRUE,TRUE,edifices_romans,
santa_maria_farinole,Santa Maria (Farinole),42.82,9.36,doyenne_du_cap,doyenne_du_cap,FALSE,pieve_nebbiu,pieve_canari,TRUE,TRUE,edifices_romans,
santa_maria_favone,Santa Maria (Favone),41.87,9.28,,doyenne_plaine_orientale,FALSE,,pieve_verde,FALSE,TRUE,edifices_romans,
santa_maria_figaniella_figaniella_sollacaro,Santa Maria Figaniella (Figaniella (Sollacaro)),41.699,8.931,doyenne_prunelli_taravo_valinco,doyenne_prunelli_taravo_valinco,FALSE,pieve_istria,pieve_istria,FALSE,TRUE,edifices_romans,
santa_maria_figari_village,Santa Maria (Figari village),41.488,9.108,doyenne_extreme_sud,doyenne_extreme_sud,FALSE,pieve_freto,pieve_freto,FALSE,TRUE,edifices_romans,
santa_maria_folelli,Santa Maria (Folelli),42.535,9.5,,doyenne_du_golo,FALSE,,pieve_casinca,FALSE,TRUE,edifices_romans,
santa_maria_francardo_omessa,Santa Maria (Francardo (Omessa)),42.46,9.14,doyenne_cortenais,doyenne_cortenais,FALSE,pieve_talcini,pieve_caccia,TRUE,TRUE,edifices_romans,
santa_maria_ghisonaccia_plaine,Santa Maria (Ghisonaccia plaine),42.06,9.43,doyenne_plaine_orientale,doyenne_plaine_orientale,FALSE,pieve_aleria,pieve_aleria,FALSE,TRUE,edifices_romans,
santa_maria_ghisoni_village,Santa Maria (Ghisoni village),42.01,9.35,doyenne_plaine_orientale,doyenne_plaine_orientale,FALSE,pieve_ghisoni,pieve_fiumorbo,TRUE,TRUE,edifices_romans,
santa_maria_giocatojo,Santa Maria (Giocatojo),42.368,9.42,doyenne_du_golo,doyenne_du_golo,FALSE,pieve_ampugnani,pieve_orezza,TRUE,TRUE,edifices_romans,
santa_maria_grossa,Santa Maria (Grossa),41.58,8.94,doyenne_extreme_sud,doyenne_extreme_sud,FALSE,pieve_sartene,pieve_sartene,FALSE,TRUE,edifices_romans,
santa_maria_guagno,Santa Maria (Guagno),42.08,8.86,doyenne_piana_vico_sari,doyenne_piana_vico_sari,FALSE,pieve_sorroinsu,pieve_cinarca,TRUE,TRUE,edifices_romans,
santa_maria_linguizzetta_basse,Santa Maria (Linguizzetta basse),42.085,9.47,doyenne_plaine_orientale,doyenne_plaine_orientale,FALSE,pieve_campoloro,pieve_aleria,TRUE,TRUE,edifices_romans,
santa_maria_lopigna,Santa Maria (Lopigna),42.06,8.8,doyenne_piana_vico_sari,doyenne_piana_vico_sari,FALSE,pieve_cinarca,pieve_cinarca,FALSE,TRUE,edifices_romans,
santa_maria_loreto_di_casinca,Santa Maria (Loreto-di-Casinca),42.43,9.35,doyenne_du_golo,doyenne_du_golo,FALSE,pieve_casinca,pieve_ampugnani,TRUE,TRUE,edifices_romans,
santa_maria_lucciana_interieur,Santa Maria (Lucciana intérieur),42.5,9.43,doyenne_du_golo,doyenne_du_golo,FALSE,pieve_mariana,pieve_casacconi,TRUE,TRUE,edifices_romans,
santa_maria_maggiore_bonifacio_vieille_ville,Santa Maria Maggiore (Bonifacio vieille ville),41.387,9.16,doyenne_extreme_sud,doyenne_extreme_sud,FALSE,pieve_bonifacio,pieve_bonifacio,FALSE,TRUE,edifices_romans,
santa_maria_meria,Santa Maria (Meria),42.93,9.38,doyenne_du_cap,doyenne_du_cap,FALSE,pieve_luri,pieve_pino,TRUE,TRUE,edifices_romans,
santa_maria_monacia_d_aullene,Santa Maria (Monacia-d'Aullène),41.65,9.03,doyenne_extreme_sud,doyenne_extreme_sud,FALSE,pieve_freto,pieve_tallano,TRUE,TRUE,edifices_romans,
santa_maria_moncale,Santa Maria (Moncale),42.51,8.85,doyenne_balagne,doyenne_balagne,FALSE,pieve_balagne,pieve_balagne,FALSE,TRUE,edifices_romans,
santa_maria_moriani_plage_haute,Santa Maria (Moriani-Plage haute),42.36,9.48,,doyenne_plaine_orientale,FALSE,,pieve_moriani,FALSE,TRUE,edifices_romans,
santa_maria_nessa,Santa Maria (Nessa),42.555,9.05,doyenne_balagne,doyenne_balagne,FALSE,pieve_caccia,pieve_balagne,TRUE,TRUE,edifices_romans,
santa_maria_novella_basse,Santa Maria (Novella basse),42.588,9.032,doyenne_balagne,doyenne_balagne,FALSE,pieve_caccia,pieve_balagne,TRUE,TRUE,edifices_romans,
santa_maria_pastricciola,Santa Maria (Pastricciola),42.1,8.89,doyenne_piana_vico_sari,doyenne_piana_vico_sari,FALSE,pieve_cruzini,pieve_cruzini,FALSE,TRUE,edifices_romans,
santa_maria_piana_haute,Santa Maria (Piana haute),42.152,8.635,doyenne_piana_vico_sari,doyenne_piana_vico_sari,FALSE,pieve_vico,pieve_vico,FALSE,TRUE,edifices_romans,
santa_maria_piedicorte_haute,Santa Maria (Piedicorte haute),42.408,9.318,doyenne_cortenais,doyenne_cortenais,FALSE,pieve_talcini,pieve_rostino,TRUE,TRUE,edifices_romans,
santa_maria_pietracorbara_littorale,Santa Maria (Pietracorbara littorale),42.862,9.443,doyenne_du_cap,doyenne_du_cap,FALSE,pieve_brando,pieve_luri,TRUE,TRUE,edifices_romans,
santa_maria_pietrapola,Santa Maria (Pietrapola),42.03,9.35,,doyenne_plaine_orientale,FALSE,,pieve_fiumorbo,FALSE,TRUE,edifices_romans,
santa_maria_poggio_d_oletta,Santa Maria (Poggio-d'Oletta),42.545,9.348,doyenne_du_cap,doyenne_du_golo,TRUE,pieve_nebbiu,pieve_mariana,TRUE,TRUE,edifices_romans,
santa_maria_polveroso,Santa Maria (Polveroso),42.345,9.395,doyenne_du_golo,doyenne_plaine_orientale,TRUE,pieve_orezza,pieve_alesani,TRUE,TRUE,edifices_romans,
santa_maria_ponte_leccia_morosaglia,Santa Maria (Ponte-Leccia (Morosaglia)),42.52,9.15,doyenne_cortenais,doyenne_cortenais,FALSE,pieve_rostino,pieve_caccia,TRUE,TRUE,edifices_romans,
santa_maria_propriano_baraci,Santa Maria (Propriano (Baraci)),41.67,8.9,doyenne_prunelli_taravo_valinco,doyenne_prunelli_taravo_valinco,FALSE,pieve_sartene,pieve_sartene,FALSE,TRUE,edifices_romans,
santa_maria_prunelli_di_fiumorbo,Santa Maria (Prunelli-di-Fiumorbo),41.94,9.33,doyenne_plaine_orientale,doyenne_plaine_orientale,FALSE,pieve_fiumorbo,pieve_verde,TRUE,TRUE,edifices_romans,
santa_maria_quenza,Santa Maria (Quenza),41.81,9.29,doyenne_extreme_sud,doyenne_plaine_orientale,TRUE,pieve_verde,pieve_verde,FALSE,TRUE,edifices_romans,
santa_maria_renno_haut,Santa Maria (Renno haut),42.158,8.9,doyenne_piana_vico_sari,doyenne_piana_vico_sari,FALSE,pieve_sorroinsu,pieve_sorroinsu,FALSE,TRUE,edifices_romans,
santa_maria_riventosa,Santa Maria (Riventosa),42.24,9.1,doyenne_cortenais,doyenne_cortenais,FALSE,pieve_venaco,pieve_talcini,TRUE,TRUE,edifices_romans,
santa_maria_rosazia,Santa Maria (Rosazia),42.14,8.92,doyenne_piana_vico_sari,doyenne_piana_vico_sari,FALSE,pieve_cruzini,pieve_cruzini,FALSE,TRUE,edifices_romans,
santa_maria_san_gavino_di_carbini,Santa Maria (San-Gavino-di-Carbini),41.76,9.17,doyenne_extreme_sud,doyenne_extreme_sud,FALSE,pieve_carbini,pieve_verde,TRUE,TRUE,edifices_romans,
santa_maria_santa_maria_di_lota,Santa Maria (Santa-Maria-di-Lota),42.74,9.44,doyenne_du_cap,doyenne_du_cap,FALSE,pieve_brando,pieve_brando,FALSE,TRUE,edifices_romans,
santa_maria_sarrola_carcopino,Santa Maria (Sarrola-Carcopino),41.97,8.81,doyenne_ajaccio,doyenne_ajaccio,FALSE,pieve_mezzana,pieve_mezzana,FALSE,TRUE,edifices_romans,
santa_maria_solaro,Santa Maria (Solaro),41.85,9.39,doyenne_plaine_orientale,doyenne_plaine_orientale,FALSE,pieve_verde,pieve_verde,FALSE,TRUE,edifices_romans,
santa_maria_sorio,Santa Maria (Sorio),42.56,9.27,doyenne_du_golo,doyenne_du_golo,FALSE,pieve_nebbiu,pieve_nebbiu,FALSE,TRUE,edifices_romans,
santa_maria_sotta_village,Santa Maria (Sotta village),41.545,9.048,doyenne_extreme_sud,doyenne_extreme_sud,FALSE,pieve_freto,pieve_freto,FALSE,TRUE,edifices_romans,
santa_maria_talasani,Santa Maria (Talasani),42.42,9.53,doyenne_du_golo,doyenne_du_golo,FALSE,pieve_tavagna,pieve_tavagna,FALSE,TRUE,edifices_romans,
santa_maria_tralonca,Santa Maria (Tralonca),42.448,9.162,doyenne_cortenais,doyenne_cortenais,FALSE,pieve_talcini,pieve_caccia,TRUE,TRUE,edifices_romans,
santa_maria_urbalacone,Santa Maria (Urbalacone),41.83,8.87,doyenne_prunelli_taravo_valinco,doyenne_prunelli_taravo_valinco,FALSE,pieve_ornano,pieve_ornano,FALSE,TRUE,edifices_romans,
santa_maria_urtaca,Santa Maria (Urtaca),42.64,9.12,doyenne_balagne,doyenne_balagne,FALSE,pieve_nebbiu,pieve_nebbiu,FALSE,TRUE,edifices_romans,
santa_maria_venaco_rescamone,Santa Maria (Venaco (Rescamone)),42.219,9.152,doyenne_cortenais,doyenne_cortenais,FALSE,pieve_venaco,pieve_venaco,FALSE,TRUE,edifices_romans,
santa_maria_vizzavona,Santa Maria (Vizzavona),42.24,9.06,,doyenne_cortenais,FALSE,,pieve_talcini,FALSE,TRUE,edifices_romans,
santa_maria_zicavo_haute,Santa Maria (Zicavo haute),41.875,9.108,doyenne_prunelli_taravo_valinco,doyenne_prunelli_taravo_valinco,FALSE,pieve_verde,pieve_verde,FALSE,TRUE,edifices_romans,
santa_mariona_talcini_bustanico,Santa Mariona (Talcini (Bustanico)),42.355,9.246,doyenne_cortenais,doyenne_cortenais,FALSE,pieve_rogna,pieve_vallerustie,TRUE,TRUE,edifices_romans,
santa_reparata_barbaggio,Santa Reparata (Barbaggio),42.655,9.165,doyenne_du_cap,doyenne_du_golo,TRUE,pieve_nebbiu,pieve_nebbiu,FALSE,TRUE,edifices_romans,
santa_reparata_montemaggiore,Santa Reparata (Montemaggiore),42.52,8.82,doyenne_du_golo,doyenne_balagne,TRUE,pieve_casacconi,pieve_balagne,TRUE,TRUE,edifices_romans,
santa_reparata_morosaglia,Santa Reparata (Morosaglia),42.42,9.2,doyenne_cortenais,doyenne_cortenais,FALSE,pieve_rostino,pieve_rostino,FALSE,TRUE,edifices_romans,
santa_reparata_penta_acquatella,Santa Reparata (Penta-Acquatella),42.415,9.455,doyenne_du_golo,doyenne_du_golo,FALSE,pieve_casacconi,pieve_tavagna,TRUE,TRUE,edifices_romans,
santa_reparata_santa_reparata_di_moriani,Santa Reparata (Santa-Reparata-di-Moriani),42.39,9.52,doyenne_plaine_orientale,doyenne_plaine_orientale,FALSE,pieve_moriani,pieve_moriani,FALSE,TRUE,edifices_romans,
santa_restituda_meria_vico_interieur,Santa Restituda (Meria (Vico intérieur)),42.185,8.875,doyenne_du_cap,doyenne_piana_vico_sari,TRUE,pieve_luri,pieve_sorroinsu,TRUE,TRUE,edifices_romans,
santa_restitude_corte_niolu_versant,Santa Restitude (Corte (Niolu versant)),42.318,8.982,doyenne_cortenais,doyenne_cortenais,FALSE,pieve_talcini,pieve_niolu,TRUE,TRUE,edifices_romans,
santa_restituta_belgodere_haute,Santa Restituta (Belgodère haute),42.51,8.882,doyenne_balagne,doyenne_balagne,FALSE,pieve_balagne,pieve_balagne,FALSE,TRUE,edifices_romans,
santa_restuda_restituda_calenzana,Santa Restuda / Restituda (Calenzana),42.54,8.79,doyenne_balagne,doyenne_balagne,FALSE,pieve_balagne,pieve_balagne,FALSE,TRUE,edifices_romans,
scalsa_murta,Scalsa Murta,41.717,8.919,,doyenne_prunelli_taravo_valinco,FALSE,,pieve_istria,FALSE,TRUE,megalithes,
sources_de_guitera,Sources de Guitera,41.827,9.019,,doyenne_prunelli_taravo_valinco,FALSE,,pieve_istria,FALSE,TRUE,patrimoine_divers,
sposata_menhir_penche,Sposata (menhir penché),41.536,8.918,,doyenne_extreme_sud,FALSE,,pieve_sartene,FALSE,TRUE,megalithes,
stantara_d_apricciani,Stantara d'Apricciani,42.1,8.72,,doyenne_piana_vico_sari,FALSE,,pieve_cinarca,FALSE,TRUE,megalithes,
statue_menhir_santa_naria,Statue-menhir Santa Naria,41.759,8.877,,doyenne_prunelli_taravo_valinco,FALSE,,pieve_istria,FALSE,TRUE,megalithes,
statue_menhir_tavera,Statue-menhir de Tavera,42.0692,8.9867,doyenne_ajaccio,doyenne_ajaccio,FALSE,pieve_celavo,pieve_celavo,FALSE,TRUE,megalithes,
statues_menhirs_de_sagone,Statues-menhirs de Sagone,42.116,8.693,,doyenne_piana_vico_sari,FALSE,,pieve_vico,FALSE,TRUE,megalithes,
stazzona_di_u_diavulu_menhirs,Stazzona di u Diavulu (menhirs),41.545,8.91,doyenne_du_golo,doyenne_extreme_sud,TRUE,pieve_orezza,pieve_sartene,TRUE,TRUE,megalithes,
tappa_torre,Tappa torre,41.5522,9.2306,,doyenne_extreme_sud,FALSE,,pieve_carbini,FALSE,TRUE,megalithes,
terrina_aleria,Terrina (Aléria),42.098,9.499,doyenne_plaine_orientale,doyenne_plaine_orientale,FALSE,pieve_aleria,pieve_aleria,FALSE,TRUE,megalithes,
thermes_de_baracci,Thermes de Baracci,41.705,8.898,,doyenne_prunelli_taravo_valinco,FALSE,,pieve_istria,FALSE,TRUE,patrimoine_divers,
timozzolo_menhirs,Timozzolo menhirs,41.6087,8.8778,,doyenne_extreme_sud,FALSE,,pieve_sartene,FALSE,TRUE,megalithes,
tivulaggio_alignement,Tivulaggio alignement,41.57,8.895,,doyenne_extreme_sud,FALSE,,pieve_sartene,FALSE,TRUE,megalithes,
tizzarella_menhirs,Tizzarella menhirs,41.692,8.915,,doyenne_prunelli_taravo_valinco,FALSE,,pieve_istria,FALSE,TRUE,megalithes,
torre_de_tozzu_torre_de_tusiu,Torre de Tozzu / Torre de Tusiu,41.75,9.085,,doyenne_extreme_sud,FALSE,,pieve_verde,FALSE,TRUE,megalithes,
tour_d_agnello_cap_corse,Tour d'Agnello (Cap Corse),42.973,9.355,,doyenne_du_cap,FALSE,,pieve_pino,FALSE,TRUE,tours_genoises,
tour_d_erbalunga_brando,Tour d'Erbalunga (Brando),42.627,9.497,doyenne_du_cap,,FALSE,pieve_brando,,FALSE,TRUE,tours_genoises,doyenne_geo_NONE; pieve_geo_NONE
tour_d_isolella_sette_navi,Tour d'Isolella (Sette Navi),41.84656,8.76241,,doyenne_prunelli_taravo_valinco,FALSE,,pieve_ornano,FALSE,TRUE,tours_genoises,
tour_d_omigna_cargese,Tour d'Omigna (Cargese),42.155,8.554,doyenne_piana_vico_sari,,FALSE,pieve_vico,,FALSE,TRUE,tours_genoises,doyenne_geo_NONE; pieve_geo_NONE
tour_de_capitello_castelluccio,Tour de Capitello (Castelluccio),41.908,8.774,,,FALSE,,,FALSE,TRUE,tours_genoises,
tour_de_capo_di_muro,Tour de Capo di Muro,41.719,8.664,,,FALSE,,,FALSE,TRUE,tours_genoises,
tour_de_cargese_ruines,Tour de Cargese (ruines),42.13298,8.58941,doyenne_piana_vico_sari,doyenne_piana_vico_sari,FALSE,pieve_vico,pieve_vico,FALSE,TRUE,tours_genoises,
tour_de_giraglia_ilot,Tour de Giraglia (îlot),43.028,9.405,,,FALSE,,,FALSE,TRUE,tours_genoises,
tour_de_la_chiappella_rogliano,Tour de la Chiappella (Rogliano),42.983,9.463,doyenne_du_cap,,FALSE,pieve_rogliano,,FALSE,TRUE,tours_genoises,doyenne_geo_NONE; pieve_geo_NONE
tour_de_la_mortella,Tour de la Mortella,42.7,9.268,,doyenne_du_cap,FALSE,,pieve_nebbiu,FALSE,TRUE,tours_genoises,
tour_de_la_parata_ajaccio,Tour de la Parata (Ajaccio),41.918,8.623,doyenne_ajaccio,doyenne_ajaccio,FALSE,pieve_ajaccio,pieve_ajaccio,FALSE,TRUE,tours_genoises,
tour_de_sagone_vico,Tour de Sagone (Vico),42.109,8.723,doyenne_piana_vico_sari,doyenne_piana_vico_sari,FALSE,pieve_vico,pieve_cinarca,TRUE,TRUE,tours_genoises,
tour_de_seneque_pino_luri,Tour de Sénèque (Pino/Luri),42.888,9.36,doyenne_du_cap,doyenne_du_cap,FALSE,pieve_luri,pieve_canari,TRUE,TRUE,tours_genoises,
tour_de_turghiu_capo_rosso,Tour de Turghiu (Capo Rosso),42.234,8.527,,,FALSE,,,FALSE,TRUE,tours_genoises,
tour_genoise_chiappa,Tour génoise Chiappa,41.57,9.29,,doyenne_extreme_sud,FALSE,,pieve_carbini,FALSE,TRUE,tours_genoises,
u_cantonu,U Cantonu,41.8169,8.9071,,doyenne_prunelli_taravo_valinco,FALSE,,pieve_ornano,FALSE,TRUE,megalithes,
u_paladinu,U Paladinu,41.7313,8.8325,,doyenne_prunelli_taravo_valinco,FALSE,,pieve_istria,FALSE,TRUE,megalithes,
u_scumunicatu_cargese,U Scumunicatu (Cargèse),42.1465,8.6269,doyenne_piana_vico_sari,doyenne_piana_vico_sari,FALSE,pieve_vico,pieve_vico,FALSE,TRUE,megalithes,
vaccil_vecchiu,Vaccil-Vecchiu menhir,41.5936,8.8766,doyenne_extreme_sud,doyenne_extreme_sud,FALSE,pieve_sartene,pieve_sartene,FALSE,TRUE,megalithes,
